battle_id,seq,turn,command,event_type,phase,actor_id,actor_side,actor_slot,actor_name,target_id,target_side,target_slot,target_name,move_name,pokemon,hp_current,hp_max,hp_status,delta_hp,effect,source,details_json,raw_args_json,raw_line
smogtours-gen5ou-59402,1,,inactive,TimerNotice,Meta,,,,,,,,,,,,,,,,,"{""tags"": [""Battle timer is ON: inactive players will automatically lose when time's up.""], ""other"": [""Battle timer is ON: inactive players will automatically lose when time's up.""]}","[""Battle timer is ON: inactive players will automatically lose when time's up.""]",|inactive|Battle timer is ON: inactive players will automatically lose when time's up.
smogtours-gen5ou-59402,2,,J,UserJoined,Spectator,,,,Reymedy,,,,,,,,,,,,,,"[""Reymedy""]",|J|Reymedy
smogtours-gen5ou-59402,3,,J,UserJoined,Spectator,,,,Leftiez~,,,,,,,,,,,,,,"[""Leftiez~""]",|J|Leftiez~
smogtours-gen5ou-59402,4,,player,PlayerDeclared,Meta,,p1,,Reymedy,,,,,,,,,,,,,"{""avatar"": ""#reymedy""}","[""p1"", ""Reymedy"", ""#reymedy""]",|player|p1|Reymedy|#reymedy
smogtours-gen5ou-59402,5,,player,PlayerDeclared,Meta,,p2,,Leftiez~,,,,,,,,,,,,,"{""avatar"": ""#leftiez""}","[""p2"", ""Leftiez~"", ""#leftiez""]",|player|p2|Leftiez~|#leftiez
smogtours-gen5ou-59402,6,,gametype,GameTypeDeclared,Meta,,,,,,,,,,,,,,,,,,"[""singles""]",|gametype|singles
smogtours-gen5ou-59402,7,,gen,GenerationDeclared,Meta,,,,,,,,,,,,,,,,,,"[""5""]",|gen|5
smogtours-gen5ou-59402,8,,tier,TierDeclared,Meta,,,,,,,,,,,,,,,,,,"[""[Gen 5] OU""]",|tier|[Gen 5] OU
smogtours-gen5ou-59402,9,,rule,RuleDeclared,Meta,,,,,,,,,,,,,,,,,,"[""Evasion Abilities Clause: Evasion abilities are banned""]",|rule|Evasion Abilities Clause: Evasion abilities are banned
smogtours-gen5ou-59402,10,,clearpoke,TeamPreviewCleared,Meta,,,,,,,,,,,,,,,,,"{""tags"": []}",[],|clearpoke
smogtours-gen5ou-59402,11,,poke,TeamPokemonDeclared,Meta,,p1,,,,,,,,"Politoed, M",,,,,,,,"[""p1"", ""Politoed, M""]","|poke|p1|Politoed, M"
smogtours-gen5ou-59402,12,,poke,TeamPokemonDeclared,Meta,,p1,,,,,,,,Jirachi,,,,,,,,"[""p1"", ""Jirachi""]",|poke|p1|Jirachi
smogtours-gen5ou-59402,13,,poke,TeamPokemonDeclared,Meta,,p1,,,,,,,,"Breloom, F",,,,,,,,"[""p1"", ""Breloom, F""]","|poke|p1|Breloom, F"
smogtours-gen5ou-59402,14,,poke,TeamPokemonDeclared,Meta,,p1,,,,,,,,"Garchomp, M",,,,,,,,"[""p1"", ""Garchomp, M""]","|poke|p1|Garchomp, M"
smogtours-gen5ou-59402,15,,poke,TeamPokemonDeclared,Meta,,p1,,,,,,,,Zapdos,,,,,,,,"[""p1"", ""Zapdos""]",|poke|p1|Zapdos
smogtours-gen5ou-59402,16,,poke,TeamPokemonDeclared,Meta,,p1,,,,,,,,"Tentacruel, M",,,,,,,,"[""p1"", ""Tentacruel, M""]","|poke|p1|Tentacruel, M"
smogtours-gen5ou-59402,17,,poke,TeamPokemonDeclared,Meta,,p2,,,,,,,,"Stoutland, F",,,,,,,,"[""p2"", ""Stoutland, F""]","|poke|p2|Stoutland, F"
smogtours-gen5ou-59402,18,,poke,TeamPokemonDeclared,Meta,,p2,,,,,,,,"Hippowdon, F",,,,,,,,"[""p2"", ""Hippowdon, F""]","|poke|p2|Hippowdon, F"
smogtours-gen5ou-59402,19,,poke,TeamPokemonDeclared,Meta,,p2,,,,,,,,Rotom-Wash,,,,,,,,"[""p2"", ""Rotom-Wash""]",|poke|p2|Rotom-Wash
smogtours-gen5ou-59402,20,,poke,TeamPokemonDeclared,Meta,,p2,,,,,,,,"Ferrothorn, F",,,,,,,,"[""p2"", ""Ferrothorn, F""]","|poke|p2|Ferrothorn, F"
smogtours-gen5ou-59402,21,,poke,TeamPokemonDeclared,Meta,,p2,,,,,,,,"Latios, M",,,,,,,,"[""p2"", ""Latios, M""]","|poke|p2|Latios, M"
smogtours-gen5ou-59402,22,,poke,TeamPokemonDeclared,Meta,,p2,,,,,,,,Metagross,,,,,,,,"[""p2"", ""Metagross""]",|poke|p2|Metagross
smogtours-gen5ou-59402,23,,rule,RuleDeclared,Meta,,,,,,,,,,,,,,,,,,"[""Sleep Clause Mod: Limit one foe put to sleep""]",|rule|Sleep Clause Mod: Limit one foe put to sleep
smogtours-gen5ou-59402,24,,rule,RuleDeclared,Meta,,,,,,,,,,,,,,,,,,"[""Species Clause: Limit one of each Pokémon""]",|rule|Species Clause: Limit one of each Pokémon
smogtours-gen5ou-59402,25,,rule,RuleDeclared,Meta,,,,,,,,,,,,,,,,,,"[""OHKO Clause: OHKO moves are banned""]",|rule|OHKO Clause: OHKO moves are banned
smogtours-gen5ou-59402,26,,rule,RuleDeclared,Meta,,,,,,,,,,,,,,,,,,"[""Moody Clause: Moody is banned""]",|rule|Moody Clause: Moody is banned
smogtours-gen5ou-59402,27,,rule,RuleDeclared,Meta,,,,,,,,,,,,,,,,,,"[""Evasion Moves Clause: Evasion moves are banned""]",|rule|Evasion Moves Clause: Evasion moves are banned
smogtours-gen5ou-59402,28,,rule,RuleDeclared,Meta,,,,,,,,,,,,,,,,,,"[""Endless Battle Clause: Forcing endless battles is banned""]",|rule|Endless Battle Clause: Forcing endless battles is banned
smogtours-gen5ou-59402,29,,rule,RuleDeclared,Meta,,,,,,,,,,,,,,,,,,"[""HP Percentage Mod: HP is shown in percentages""]",|rule|HP Percentage Mod: HP is shown in percentages
smogtours-gen5ou-59402,30,,teampreview,TeamPreviewStarted,Meta,,,,,,,,,,,,,,,,,"{""tags"": []}",[],|teampreview
smogtours-gen5ou-59402,31,,J,UserJoined,Spectator,,,,McMeghan,,,,,,,,,,,,,,"[""McMeghan""]",|J|McMeghan
smogtours-gen5ou-59402,32,,J,UserJoined,Spectator,,,,iconic,,,,,,,,,,,,,,"[""iconic""]",|J|iconic
smogtours-gen5ou-59402,33,,J,UserJoined,Spectator,,,,MegaStarUniverse,,,,,,,,,,,,,,"[""MegaStarUniverse""]",|J|MegaStarUniverse
smogtours-gen5ou-59402,34,,J,UserJoined,Spectator,,,,zdrup,,,,,,,,,,,,,,"[""zdrup""]",|J|zdrup
smogtours-gen5ou-59402,35,,J,UserJoined,Spectator,,,,H-C,,,,,,,,,,,,,,"[""H-C""]",|J|H-C
smogtours-gen5ou-59402,36,,J,UserJoined,Spectator,,,,Zenadark,,,,,,,,,,,,,,"[""Zenadark""]",|J|Zenadark
smogtours-gen5ou-59402,37,,J,UserJoined,Spectator,,,,Twin Citiez,,,,,,,,,,,,,,"[""Twin Citiez""]",|J|Twin Citiez
smogtours-gen5ou-59402,38,,J,UserJoined,Spectator,,,,Lusso.,,,,,,,,,,,,,,"[""Lusso.""]",|J|Lusso.
smogtours-gen5ou-59402,39,,J,UserJoined,Spectator,,,,Lord Mur,,,,,,,,,,,,,,"[""Lord Mur""]",|J|Lord Mur
smogtours-gen5ou-59402,40,,J,UserJoined,Spectator,,,,Vinc2612,,,,,,,,,,,,,,"[""Vinc2612""]",|J|Vinc2612
smogtours-gen5ou-59402,41,,J,UserJoined,Spectator,,,,fant,,,,,,,,,,,,,,"[""fant""]",|J|fant
smogtours-gen5ou-59402,42,,c,ChatMessage,Chat,,,,&iconic,,,,,,,,,,,down to dis . . .,,,"[""&iconic"", ""down to dis . . .""]",|c|&iconic|down to dis . . .
smogtours-gen5ou-59402,43,,J,UserJoined,Spectator,,,,Gei,,,,,,,,,,,,,,"[""Gei""]",|J|Gei
smogtours-gen5ou-59402,44,,J,UserJoined,Spectator,,,,Espaa,,,,,,,,,,,,,,"[""Espaa""]",|J|Espaa
smogtours-gen5ou-59402,45,,J,UserJoined,Spectator,,,,Yogiras,,,,,,,,,,,,,,"[""Yogiras""]",|J|Yogiras
smogtours-gen5ou-59402,46,,c,ChatMessage,Chat,,,,&iconic,,,,,,,,,,,vive la france . . .,,,"[""&iconic"", ""vive la france . . .""]",|c|&iconic|vive la france . . .
smogtours-gen5ou-59402,47,,J,UserJoined,Spectator,,,,littlelucario,,,,,,,,,,,,,,"[""littlelucario""]",|J|littlelucario
smogtours-gen5ou-59402,48,,c,ChatMessage,Chat,,,,★Reymedy,,,,,,,,,,,...,,,"[""★Reymedy"", ""...""]",|c|★Reymedy|...
smogtours-gen5ou-59402,49,,J,UserJoined,Spectator,,,,TewMew,,,,,,,,,,,,,,"[""TewMew""]",|J|TewMew
smogtours-gen5ou-59402,50,,c,ChatMessage,Chat,,,,★Leftiez~,,,,,,,,,,,:p,,,"[""★Leftiez~"", "":p""]",|c|★Leftiez~|:p
smogtours-gen5ou-59402,51,,L,UserLeft,Spectator,,,,Lord Mur,,,,,,,,,,,,,,"[""Lord Mur""]",|L|Lord Mur
smogtours-gen5ou-59402,52,,c,ChatMessage,Chat,,,,+littlelucario,,,,,,,,,,,is thiis for a tour?,,,"[""+littlelucario"", ""is thiis for a tour?""]",|c|+littlelucario|is thiis for a tour?
smogtours-gen5ou-59402,53,,J,UserJoined,Spectator,,,,boudouche,,,,,,,,,,,,,,"[""boudouche""]",|J|boudouche
smogtours-gen5ou-59402,54,,c,ChatMessage,Chat,,,,&iconic,,,,,,,,,,,reymedy that looks like my frontier team from 2 yrs ago,,,"[""&iconic"", ""reymedy that looks like my frontier team from 2 yrs ago""]",|c|&iconic|reymedy that looks like my frontier team from 2 yrs ago
smogtours-gen5ou-59402,55,,J,UserJoined,Spectator,,,,Jimmy Turtwig,,,,,,,,,,,,,,"[""Jimmy Turtwig""]",|J|Jimmy Turtwig
smogtours-gen5ou-59402,56,,c,ChatMessage,Chat,,,,&iconic,,,,,,,,,,,its v rain stall weak :(,,,"[""&iconic"", ""its v rain stall weak :(""]",|c|&iconic|its v rain stall weak :(
smogtours-gen5ou-59402,57,,J,UserJoined,Spectator,,,,SoulWind,,,,,,,,,,,,,,"[""SoulWind""]",|J|SoulWind
smogtours-gen5ou-59402,58,,J,UserJoined,Spectator,,,,BahaWin,,,,,,,,,,,,,,"[""BahaWin""]",|J|BahaWin
smogtours-gen5ou-59402,59,,c,ChatMessage,Chat,,,,★Reymedy,,,,,,,,,,,:P,,,"[""★Reymedy"", "":P""]",|c|★Reymedy|:P
smogtours-gen5ou-59402,60,,c,ChatMessage,Chat,,,,&iconic,,,,,,,,,,,screw phil and his rain stal,,,"[""&iconic"", ""screw phil and his rain stal""]",|c|&iconic|screw phil and his rain stal
smogtours-gen5ou-59402,61,,start,BattleStarted,Meta,,,,,,,,,,,,,,,,,"{""tags"": []}",[],|start
smogtours-gen5ou-59402,62,,switch,PokemonSwitched,Switch,p1a: Gengen,p1,p1a,Gengen,,,,,,"Breloom, F",307,307,,,,,,"[""p1a: Gengen"", ""Breloom, F"", ""307/307""]","|switch|p1a: Gengen|Breloom, F|307/307"
smogtours-gen5ou-59402,63,,switch,PokemonSwitched,Switch,p2a: Rotom-Wash,p2,p2a,Rotom-Wash,,,,,,Rotom-Wash,271,271,,,,,,"[""p2a: Rotom-Wash"", ""Rotom-Wash"", ""271/271""]",|switch|p2a: Rotom-Wash|Rotom-Wash|271/271
smogtours-gen5ou-59402,64,1,turn,TurnStarted,TurnMarker,,,,,,,,,,,,,,,,,,"[""1""]",|turn|1
smogtours-gen5ou-59402,65,1,J,UserJoined,Spectator,,,,WcJay,,,,,,,,,,,,,,"[""WcJay""]",|J|WcJay
smogtours-gen5ou-59402,66,1,move,MoveUsed,Action,p2a: Rotom-Wash,p2,p2a,Rotom-Wash,p1a: Gengen,p1,p1a,Gengen,Hidden Power,,,,,,,,"{""tags"": []}","[""p2a: Rotom-Wash"", ""Hidden Power"", ""p1a: Gengen""]",|move|p2a: Rotom-Wash|Hidden Power|p1a: Gengen
smogtours-gen5ou-59402,67,1,-supereffective,TypeEffectivenessSuper,Event,,,,,p1a: Gengen,p1,p1a,Gengen,,,,,,,,,"{""tags"": []}","[""p1a: Gengen""]",|-supereffective|p1a: Gengen
smogtours-gen5ou-59402,68,1,-damage,DamageApplied,HPChange,p1a: Gengen,p1,p1a,Gengen,,,,,,,69,307,,-238,,,"{""tags"": []}","[""p1a: Gengen"", ""69/307""]",|-damage|p1a: Gengen|69/307
smogtours-gen5ou-59402,69,1,move,MoveUsed,Action,p1a: Gengen,p1,p1a,Gengen,p2a: Rotom-Wash,p2,p2a,Rotom-Wash,Spore,,,,,,,,"{""tags"": []}","[""p1a: Gengen"", ""Spore"", ""p2a: Rotom-Wash""]",|move|p1a: Gengen|Spore|p2a: Rotom-Wash
smogtours-gen5ou-59402,70,1,-status,StatusApplied,Status,p2a: Rotom-Wash,p2,p2a,Rotom-Wash,,,,,,,,,,,slp,,"{""tags"": []}","[""p2a: Rotom-Wash"", ""slp""]",|-status|p2a: Rotom-Wash|slp
smogtours-gen5ou-59402,71,1,-enditem,ItemEnded,Event,p2a: Rotom-Wash,p2,p2a,Rotom-Wash,,,,,,,,,,,Chesto Berry,,"{""tags"": [""[eat]""], ""eat"": """"}","[""p2a: Rotom-Wash"", ""Chesto Berry"", ""[eat]""]",|-enditem|p2a: Rotom-Wash|Chesto Berry|[eat]
smogtours-gen5ou-59402,72,1,-curestatus,StatusCured,Status,p2a: Rotom-Wash,p2,p2a,Rotom-Wash,,,,,,,,,,,slp,,"{""tags"": []}","[""p2a: Rotom-Wash"", ""slp""]",|-curestatus|p2a: Rotom-Wash|slp
smogtours-gen5ou-59402,73,1,-status,StatusApplied,Status,p1a: Gengen,p1,p1a,Gengen,,,,,,,,,,,tox,,"{""tags"": [""[from] item: Toxic Orb""], ""from"": ""item: Toxic Orb""}","[""p1a: Gengen"", ""tox"", ""[from] item: Toxic Orb""]",|-status|p1a: Gengen|tox|[from] item: Toxic Orb
smogtours-gen5ou-59402,74,2,turn,TurnStarted,TurnMarker,,,,,,,,,,,,,,,,,,"[""2""]",|turn|2
smogtours-gen5ou-59402,75,2,c,ChatMessage,Chat,,,,+littlelucario,,,,,,,,,,,not,,,"[""+littlelucario"", ""not""]",|c|+littlelucario|not
smogtours-gen5ou-59402,76,2,c,ChatMessage,Chat,,,,+littlelucario,,,,,,,,,,,bad,,,"[""+littlelucario"", ""bad""]",|c|+littlelucario|bad
smogtours-gen5ou-59402,77,2,J,UserJoined,Spectator,,,,LJDarkrai,,,,,,,,,,,,,,"[""LJDarkrai""]",|J|LJDarkrai
smogtours-gen5ou-59402,78,2,L,UserLeft,Spectator,,,,MegaStarUniverse,,,,,,,,,,,,,,"[""MegaStarUniverse""]",|L|MegaStarUniverse
smogtours-gen5ou-59402,79,2,J,UserJoined,Spectator,,,,Korby,,,,,,,,,,,,,,"[""Korby""]",|J|Korby
smogtours-gen5ou-59402,80,2,J,UserJoined,Spectator,,,,Tom0410,,,,,,,,,,,,,,"[""Tom0410""]",|J|Tom0410
smogtours-gen5ou-59402,81,2,J,UserJoined,Spectator,,,,davidTheMaster,,,,,,,,,,,,,,"[""davidTheMaster""]",|J|davidTheMaster
smogtours-gen5ou-59402,82,2,J,UserJoined,Spectator,,,,Vinc608,,,,,,,,,,,,,,"[""Vinc608""]",|J|Vinc608
smogtours-gen5ou-59402,83,2,J,UserJoined,Spectator,,,,Bowlii,,,,,,,,,,,,,,"[""Bowlii""]",|J|Bowlii
smogtours-gen5ou-59402,84,2,switch,PokemonSwitched,Switch,p1a: Nanami,p1,p1a,Nanami,,,,,,Jirachi,403,403,,,,,,"[""p1a: Nanami"", ""Jirachi"", ""403/403""]",|switch|p1a: Nanami|Jirachi|403/403
smogtours-gen5ou-59402,85,2,move,MoveUsed,Action,p2a: Rotom-Wash,p2,p2a,Rotom-Wash,p1a: Nanami,p1,p1a,Nanami,Hydro Pump,,,,,,,,"{""tags"": []}","[""p2a: Rotom-Wash"", ""Hydro Pump"", ""p1a: Nanami""]",|move|p2a: Rotom-Wash|Hydro Pump|p1a: Nanami
smogtours-gen5ou-59402,86,2,-damage,DamageApplied,HPChange,p1a: Nanami,p1,p1a,Nanami,,,,,,,253,403,,-150,,,"{""tags"": []}","[""p1a: Nanami"", ""253/403""]",|-damage|p1a: Nanami|253/403
smogtours-gen5ou-59402,87,2,-heal,HealApplied,HPChange,p1a: Nanami,p1,p1a,Nanami,,,,,,,278,403,,25,,item: Leftovers,"{""tags"": [""[from] item: Leftovers""], ""from"": ""item: Leftovers""}","[""p1a: Nanami"", ""278/403"", ""[from] item: Leftovers""]",|-heal|p1a: Nanami|278/403|[from] item: Leftovers
smogtours-gen5ou-59402,88,3,turn,TurnStarted,TurnMarker,,,,,,,,,,,,,,,,,,"[""3""]",|turn|3
smogtours-gen5ou-59402,89,3,J,UserJoined,Spectator,,,,pholovvers,,,,,,,,,,,,,,"[""pholovvers""]",|J|pholovvers
smogtours-gen5ou-59402,90,3,move,MoveUsed,Action,p2a: Rotom-Wash,p2,p2a,Rotom-Wash,p1a: Nanami,p1,p1a,Nanami,Volt Switch,,,,,,,,"{""tags"": []}","[""p2a: Rotom-Wash"", ""Volt Switch"", ""p1a: Nanami""]",|move|p2a: Rotom-Wash|Volt Switch|p1a: Nanami
smogtours-gen5ou-59402,91,3,-damage,DamageApplied,HPChange,p1a: Nanami,p1,p1a,Nanami,,,,,,,193,403,,-85,,,"{""tags"": []}","[""p1a: Nanami"", ""193/403""]",|-damage|p1a: Nanami|193/403
smogtours-gen5ou-59402,92,3,switch,PokemonSwitched,Switch,p2a: Hippowdon,p2,p2a,Hippowdon,,,,,,"Hippowdon, F",420,420,,,,,,"[""p2a: Hippowdon"", ""Hippowdon, F"", ""420/420""]","|switch|p2a: Hippowdon|Hippowdon, F|420/420"
smogtours-gen5ou-59402,93,3,-weather,WeatherChanged,Field,,,,,,,,,,,,,,,Sandstorm,ability: Sand Stream,"{""tags"": [""[from] ability: Sand Stream"", ""[of] p2a: Hippowdon""], ""from"": ""ability: Sand Stream"", ""of"": ""p2a: Hippowdon""}","[""Sandstorm"", ""[from] ability: Sand Stream"", ""[of] p2a: Hippowdon""]",|-weather|Sandstorm|[from] ability: Sand Stream|[of] p2a: Hippowdon
smogtours-gen5ou-59402,94,3,move,MoveUsed,Action,p1a: Nanami,p1,p1a,Nanami,p1a: Nanami,p1,p1a,Nanami,Wish,,,,,,,,"{""tags"": []}","[""p1a: Nanami"", ""Wish"", ""p1a: Nanami""]",|move|p1a: Nanami|Wish|p1a: Nanami
smogtours-gen5ou-59402,95,3,-weather,WeatherChanged,Field,,,,,,,,,,,,,,,Sandstorm,,"{""tags"": [""[upkeep]""], ""upkeep"": """"}","[""Sandstorm"", ""[upkeep]""]",|-weather|Sandstorm|[upkeep]
smogtours-gen5ou-59402,96,3,-heal,HealApplied,HPChange,p1a: Nanami,p1,p1a,Nanami,,,,,,,218,403,,25,,item: Leftovers,"{""tags"": [""[from] item: Leftovers""], ""from"": ""item: Leftovers""}","[""p1a: Nanami"", ""218/403"", ""[from] item: Leftovers""]",|-heal|p1a: Nanami|218/403|[from] item: Leftovers
smogtours-gen5ou-59402,97,4,turn,TurnStarted,TurnMarker,,,,,,,,,,,,,,,,,,"[""4""]",|turn|4
smogtours-gen5ou-59402,98,4,J,UserJoined,Spectator,,,,xastify,,,,,,,,,,,,,,"[""xastify""]",|J|xastify
smogtours-gen5ou-59402,99,4,L,UserLeft,Spectator,,,,pholovvers,,,,,,,,,,,,,,"[""pholovvers""]",|L|pholovvers
smogtours-gen5ou-59402,100,4,J,UserJoined,Spectator,,,,Marshall.Law,,,,,,,,,,,,,,"[""Marshall.Law""]",|J|Marshall.Law
smogtours-gen5ou-59402,101,4,J,UserJoined,Spectator,,,,Stratos,,,,,,,,,,,,,,"[""Stratos""]",|J|Stratos
smogtours-gen5ou-59402,102,4,switch,PokemonSwitched,Switch,p1a: Rikimaru,p1,p1a,Rikimaru,,,,,,"Garchomp, M",420,420,,,,,,"[""p1a: Rikimaru"", ""Garchomp, M"", ""420/420""]","|switch|p1a: Rikimaru|Garchomp, M|420/420"
smogtours-gen5ou-59402,103,4,move,MoveUsed,Action,p2a: Hippowdon,p2,p2a,Hippowdon,p1a: Rikimaru,p1,p1a,Rikimaru,Earthquake,,,,,,,,"{""tags"": []}","[""p2a: Hippowdon"", ""Earthquake"", ""p1a: Rikimaru""]",|move|p2a: Hippowdon|Earthquake|p1a: Rikimaru
smogtours-gen5ou-59402,104,4,-damage,DamageApplied,HPChange,p1a: Rikimaru,p1,p1a,Rikimaru,,,,,,,294,420,,-126,,,"{""tags"": []}","[""p1a: Rikimaru"", ""294/420""]",|-damage|p1a: Rikimaru|294/420
smogtours-gen5ou-59402,105,4,-weather,WeatherChanged,Field,,,,,,,,,,,,,,,Sandstorm,,"{""tags"": [""[upkeep]""], ""upkeep"": """"}","[""Sandstorm"", ""[upkeep]""]",|-weather|Sandstorm|[upkeep]
smogtours-gen5ou-59402,106,4,-heal,HealApplied,HPChange,p1a: Rikimaru,p1,p1a,Rikimaru,,,,,,,420,420,,126,,move: Wish,"{""tags"": [""[from] move: Wish"", ""[wisher] Nanami""], ""from"": ""move: Wish"", ""wisher"": ""Nanami""}","[""p1a: Rikimaru"", ""420/420"", ""[from] move: Wish"", ""[wisher] Nanami""]",|-heal|p1a: Rikimaru|420/420|[from] move: Wish|[wisher] Nanami
smogtours-gen5ou-59402,107,5,turn,TurnStarted,TurnMarker,,,,,,,,,,,,,,,,,,"[""5""]",|turn|5
smogtours-gen5ou-59402,108,5,move,MoveUsed,Action,p1a: Rikimaru,p1,p1a,Rikimaru,p2a: Hippowdon,p2,p2a,Hippowdon,Stealth Rock,,,,,,,,"{""tags"": []}","[""p1a: Rikimaru"", ""Stealth Rock"", ""p2a: Hippowdon""]",|move|p1a: Rikimaru|Stealth Rock|p2a: Hippowdon
smogtours-gen5ou-59402,109,5,-sidestart,SideConditionStarted,Field,,,,,,,,,,,,,,,p2: Leftiez~,,"{""tags"": [""move: Stealth Rock""], ""other"": [""move: Stealth Rock""]}","[""p2: Leftiez~"", ""move: Stealth Rock""]",|-sidestart|p2: Leftiez~|move: Stealth Rock
smogtours-gen5ou-59402,110,5,move,MoveUsed,Action,p2a: Hippowdon,p2,p2a,Hippowdon,p1a: Rikimaru,p1,p1a,Rikimaru,Ice Fang,,,,,,,,"{""tags"": []}","[""p2a: Hippowdon"", ""Ice Fang"", ""p1a: Rikimaru""]",|move|p2a: Hippowdon|Ice Fang|p1a: Rikimaru
smogtours-gen5ou-59402,111,5,-supereffective,TypeEffectivenessSuper,Event,,,,,p1a: Rikimaru,p1,p1a,Rikimaru,,,,,,,,,"{""tags"": []}","[""p1a: Rikimaru""]",|-supereffective|p1a: Rikimaru
smogtours-gen5ou-59402,112,5,-damage,DamageApplied,HPChange,p1a: Rikimaru,p1,p1a,Rikimaru,,,,,,,236,420,,-184,,,"{""tags"": []}","[""p1a: Rikimaru"", ""236/420""]",|-damage|p1a: Rikimaru|236/420
smogtours-gen5ou-59402,113,5,-damage,DamageApplied,HPChange,p2a: Hippowdon,p2,p2a,Hippowdon,,,,,,,368,420,,-52,,ability: Rough Skin,"{""tags"": [""[from] ability: Rough Skin"", ""[of] p1a: Rikimaru""], ""from"": ""ability: Rough Skin"", ""of"": ""p1a: Rikimaru""}","[""p2a: Hippowdon"", ""368/420"", ""[from] ability: Rough Skin"", ""[of] p1a: Rikimaru""]",|-damage|p2a: Hippowdon|368/420|[from] ability: Rough Skin|[of] p1a: Rikimaru
smogtours-gen5ou-59402,114,5,-damage,DamageApplied,HPChange,p2a: Hippowdon,p2,p2a,Hippowdon,,,,,,,298,420,,-70,,item: Rocky Helmet,"{""tags"": [""[from] item: Rocky Helmet"", ""[of] p1a: Rikimaru""], ""from"": ""item: Rocky Helmet"", ""of"": ""p1a: Rikimaru""}","[""p2a: Hippowdon"", ""298/420"", ""[from] item: Rocky Helmet"", ""[of] p1a: Rikimaru""]",|-damage|p2a: Hippowdon|298/420|[from] item: Rocky Helmet|[of] p1a: Rikimaru
smogtours-gen5ou-59402,115,5,-weather,WeatherChanged,Field,,,,,,,,,,,,,,,Sandstorm,,"{""tags"": [""[upkeep]""], ""upkeep"": """"}","[""Sandstorm"", ""[upkeep]""]",|-weather|Sandstorm|[upkeep]
smogtours-gen5ou-59402,116,5,-heal,HealApplied,HPChange,p2a: Hippowdon,p2,p2a,Hippowdon,,,,,,,324,420,,26,,item: Leftovers,"{""tags"": [""[from] item: Leftovers""], ""from"": ""item: Leftovers""}","[""p2a: Hippowdon"", ""324/420"", ""[from] item: Leftovers""]",|-heal|p2a: Hippowdon|324/420|[from] item: Leftovers
smogtours-gen5ou-59402,117,6,turn,TurnStarted,TurnMarker,,,,,,,,,,,,,,,,,,"[""6""]",|turn|6
smogtours-gen5ou-59402,118,6,move,MoveUsed,Action,p1a: Rikimaru,p1,p1a,Rikimaru,p2a: Hippowdon,p2,p2a,Hippowdon,Toxic,,,,,,,,"{""tags"": []}","[""p1a: Rikimaru"", ""Toxic"", ""p2a: Hippowdon""]",|move|p1a: Rikimaru|Toxic|p2a: Hippowdon
smogtours-gen5ou-59402,119,6,-status,StatusApplied,Status,p2a: Hippowdon,p2,p2a,Hippowdon,,,,,,,,,,,tox,,"{""tags"": []}","[""p2a: Hippowdon"", ""tox""]",|-status|p2a: Hippowdon|tox
smogtours-gen5ou-59402,120,6,move,MoveUsed,Action,p2a: Hippowdon,p2,p2a,Hippowdon,p1a: Rikimaru,p1,p1a,Rikimaru,Stealth Rock,,,,,,,,"{""tags"": []}","[""p2a: Hippowdon"", ""Stealth Rock"", ""p1a: Rikimaru""]",|move|p2a: Hippowdon|Stealth Rock|p1a: Rikimaru
smogtours-gen5ou-59402,121,6,-sidestart,SideConditionStarted,Field,,,,,,,,,,,,,,,p1: Reymedy,,"{""tags"": [""move: Stealth Rock""], ""other"": [""move: Stealth Rock""]}","[""p1: Reymedy"", ""move: Stealth Rock""]",|-sidestart|p1: Reymedy|move: Stealth Rock
smogtours-gen5ou-59402,122,6,-weather,WeatherChanged,Field,,,,,,,,,,,,,,,Sandstorm,,"{""tags"": [""[upkeep]""], ""upkeep"": """"}","[""Sandstorm"", ""[upkeep]""]",|-weather|Sandstorm|[upkeep]
smogtours-gen5ou-59402,123,6,-heal,HealApplied,HPChange,p2a: Hippowdon,p2,p2a,Hippowdon,,,,,,,350,420,tox,26,,item: Leftovers,"{""tags"": [""[from] item: Leftovers""], ""from"": ""item: Leftovers""}","[""p2a: Hippowdon"", ""350/420 tox"", ""[from] item: Leftovers""]",|-heal|p2a: Hippowdon|350/420 tox|[from] item: Leftovers
smogtours-gen5ou-59402,124,6,-damage,DamageApplied,HPChange,p2a: Hippowdon,p2,p2a,Hippowdon,,,,,,,324,420,tox,-26,,psn,"{""tags"": [""[from] psn""], ""from"": ""psn""}","[""p2a: Hippowdon"", ""324/420 tox"", ""[from] psn""]",|-damage|p2a: Hippowdon|324/420 tox|[from] psn
smogtours-gen5ou-59402,125,7,turn,TurnStarted,TurnMarker,,,,,,,,,,,,,,,,,,"[""7""]",|turn|7
smogtours-gen5ou-59402,126,7,L,UserLeft,Spectator,,,,Zenadark,,,,,,,,,,,,,,"[""Zenadark""]",|L|Zenadark
smogtours-gen5ou-59402,127,7,J,UserJoined,Spectator,,,,Fairy Peak,,,,,,,,,,,,,,"[""Fairy Peak""]",|J|Fairy Peak
smogtours-gen5ou-59402,128,7,J,UserJoined,Spectator,,,,Zenadark,,,,,,,,,,,,,,"[""Zenadark""]",|J|Zenadark
smogtours-gen5ou-59402,129,7,switch,PokemonSwitched,Switch,p1a: Bonaparte,p1,p1a,Bonaparte,,,,,,"Politoed, M",323,323,,,,,,"[""p1a: Bonaparte"", ""Politoed, M"", ""323/323""]","|switch|p1a: Bonaparte|Politoed, M|323/323"
smogtours-gen5ou-59402,130,7,-damage,DamageApplied,HPChange,p1a: Bonaparte,p1,p1a,Bonaparte,,,,,,,283,323,,-40,,Stealth Rock,"{""tags"": [""[from] Stealth Rock""], ""from"": ""Stealth Rock""}","[""p1a: Bonaparte"", ""283/323"", ""[from] Stealth Rock""]",|-damage|p1a: Bonaparte|283/323|[from] Stealth Rock
smogtours-gen5ou-59402,131,7,-weather,WeatherChanged,Field,,,,,,,,,,,,,,,RainDance,ability: Drizzle,"{""tags"": [""[from] ability: Drizzle"", ""[of] p1a: Bonaparte""], ""from"": ""ability: Drizzle"", ""of"": ""p1a: Bonaparte""}","[""RainDance"", ""[from] ability: Drizzle"", ""[of] p1a: Bonaparte""]",|-weather|RainDance|[from] ability: Drizzle|[of] p1a: Bonaparte
smogtours-gen5ou-59402,132,7,move,MoveUsed,Action,p2a: Hippowdon,p2,p2a,Hippowdon,p1a: Bonaparte,p1,p1a,Bonaparte,Earthquake,,,,,,,,"{""tags"": []}","[""p2a: Hippowdon"", ""Earthquake"", ""p1a: Bonaparte""]",|move|p2a: Hippowdon|Earthquake|p1a: Bonaparte
smogtours-gen5ou-59402,133,7,-damage,DamageApplied,HPChange,p1a: Bonaparte,p1,p1a,Bonaparte,,,,,,,108,323,,-175,,,"{""tags"": []}","[""p1a: Bonaparte"", ""108/323""]",|-damage|p1a: Bonaparte|108/323
smogtours-gen5ou-59402,134,7,-weather,WeatherChanged,Field,,,,,,,,,,,,,,,RainDance,,"{""tags"": [""[upkeep]""], ""upkeep"": """"}","[""RainDance"", ""[upkeep]""]",|-weather|RainDance|[upkeep]
smogtours-gen5ou-59402,135,7,-heal,HealApplied,HPChange,p2a: Hippowdon,p2,p2a,Hippowdon,,,,,,,350,420,tox,26,,item: Leftovers,"{""tags"": [""[from] item: Leftovers""], ""from"": ""item: Leftovers""}","[""p2a: Hippowdon"", ""350/420 tox"", ""[from] item: Leftovers""]",|-heal|p2a: Hippowdon|350/420 tox|[from] item: Leftovers
smogtours-gen5ou-59402,136,7,-damage,DamageApplied,HPChange,p2a: Hippowdon,p2,p2a,Hippowdon,,,,,,,298,420,tox,-52,,psn,"{""tags"": [""[from] psn""], ""from"": ""psn""}","[""p2a: Hippowdon"", ""298/420 tox"", ""[from] psn""]",|-damage|p2a: Hippowdon|298/420 tox|[from] psn
smogtours-gen5ou-59402,137,8,turn,TurnStarted,TurnMarker,,,,,,,,,,,,,,,,,,"[""8""]",|turn|8
smogtours-gen5ou-59402,138,8,switch,PokemonSwitched,Switch,p2a: Rotom-Wash,p2,p2a,Rotom-Wash,,,,,,Rotom-Wash,271,271,,,,,,"[""p2a: Rotom-Wash"", ""Rotom-Wash"", ""271/271""]",|switch|p2a: Rotom-Wash|Rotom-Wash|271/271
smogtours-gen5ou-59402,139,8,-damage,DamageApplied,HPChange,p2a: Rotom-Wash,p2,p2a,Rotom-Wash,,,,,,,238,271,,-33,,Stealth Rock,"{""tags"": [""[from] Stealth Rock""], ""from"": ""Stealth Rock""}","[""p2a: Rotom-Wash"", ""238/271"", ""[from] Stealth Rock""]",|-damage|p2a: Rotom-Wash|238/271|[from] Stealth Rock
smogtours-gen5ou-59402,140,8,move,MoveUsed,Action,p1a: Bonaparte,p1,p1a,Bonaparte,p2a: Rotom-Wash,p2,p2a,Rotom-Wash,Scald,,,,,,,,"{""tags"": []}","[""p1a: Bonaparte"", ""Scald"", ""p2a: Rotom-Wash""]",|move|p1a: Bonaparte|Scald|p2a: Rotom-Wash
smogtours-gen5ou-59402,141,8,-resisted,TypeEffectivenessResisted,Event,,,,,p2a: Rotom-Wash,p2,p2a,Rotom-Wash,,,,,,,,,"{""tags"": []}","[""p2a: Rotom-Wash""]",|-resisted|p2a: Rotom-Wash
smogtours-gen5ou-59402,142,8,-damage,DamageApplied,HPChange,p2a: Rotom-Wash,p2,p2a,Rotom-Wash,,,,,,,159,271,,-79,,,"{""tags"": []}","[""p2a: Rotom-Wash"", ""159/271""]",|-damage|p2a: Rotom-Wash|159/271
smogtours-gen5ou-59402,143,8,-status,StatusApplied,Status,p2a: Rotom-Wash,p2,p2a,Rotom-Wash,,,,,,,,,,,brn,,"{""tags"": []}","[""p2a: Rotom-Wash"", ""brn""]",|-status|p2a: Rotom-Wash|brn
smogtours-gen5ou-59402,144,8,-weather,WeatherChanged,Field,,,,,,,,,,,,,,,RainDance,,"{""tags"": [""[upkeep]""], ""upkeep"": """"}","[""RainDance"", ""[upkeep]""]",|-weather|RainDance|[upkeep]
smogtours-gen5ou-59402,145,8,-damage,DamageApplied,HPChange,p2a: Rotom-Wash,p2,p2a,Rotom-Wash,,,,,,,126,271,brn,-33,,brn,"{""tags"": [""[from] brn""], ""from"": ""brn""}","[""p2a: Rotom-Wash"", ""126/271 brn"", ""[from] brn""]",|-damage|p2a: Rotom-Wash|126/271 brn|[from] brn
smogtours-gen5ou-59402,146,9,turn,TurnStarted,TurnMarker,,,,,,,,,,,,,,,,,,"[""9""]",|turn|9
smogtours-gen5ou-59402,147,9,switch,PokemonSwitched,Switch,p1a: Riou,p1,p1a,Riou,,,,,,Zapdos,383,383,,,,,,"[""p1a: Riou"", ""Zapdos"", ""383/383""]",|switch|p1a: Riou|Zapdos|383/383
smogtours-gen5ou-59402,148,9,-damage,DamageApplied,HPChange,p1a: Riou,p1,p1a,Riou,,,,,,,288,383,,-95,,Stealth Rock,"{""tags"": [""[from] Stealth Rock""], ""from"": ""Stealth Rock""}","[""p1a: Riou"", ""288/383"", ""[from] Stealth Rock""]",|-damage|p1a: Riou|288/383|[from] Stealth Rock
smogtours-gen5ou-59402,149,9,-ability,AbilityRevealed,Event,p1a: Riou,p1,p1a,Riou,,,,,,,,,,,Pressure,,"{""tags"": []}","[""p1a: Riou"", ""Pressure""]",|-ability|p1a: Riou|Pressure
smogtours-gen5ou-59402,150,9,move,MoveUsed,Action,p2a: Rotom-Wash,p2,p2a,Rotom-Wash,p1a: Riou,p1,p1a,Riou,Hydro Pump,,,,,,,,"{""tags"": []}","[""p2a: Rotom-Wash"", ""Hydro Pump"", ""p1a: Riou""]",|move|p2a: Rotom-Wash|Hydro Pump|p1a: Riou
smogtours-gen5ou-59402,151,9,-damage,DamageApplied,HPChange,p1a: Riou,p1,p1a,Riou,,,,,,,35,383,,-253,,,"{""tags"": []}","[""p1a: Riou"", ""35/383""]",|-damage|p1a: Riou|35/383
smogtours-gen5ou-59402,152,9,-weather,WeatherChanged,Field,,,,,,,,,,,,,,,RainDance,,"{""tags"": [""[upkeep]""], ""upkeep"": """"}","[""RainDance"", ""[upkeep]""]",|-weather|RainDance|[upkeep]
smogtours-gen5ou-59402,153,9,-heal,HealApplied,HPChange,p1a: Riou,p1,p1a,Riou,,,,,,,58,383,,23,,item: Leftovers,"{""tags"": [""[from] item: Leftovers""], ""from"": ""item: Leftovers""}","[""p1a: Riou"", ""58/383"", ""[from] item: Leftovers""]",|-heal|p1a: Riou|58/383|[from] item: Leftovers
smogtours-gen5ou-59402,154,9,-damage,DamageApplied,HPChange,p2a: Rotom-Wash,p2,p2a,Rotom-Wash,,,,,,,93,271,brn,-33,,brn,"{""tags"": [""[from] brn""], ""from"": ""brn""}","[""p2a: Rotom-Wash"", ""93/271 brn"", ""[from] brn""]",|-damage|p2a: Rotom-Wash|93/271 brn|[from] brn
smogtours-gen5ou-59402,155,10,turn,TurnStarted,TurnMarker,,,,,,,,,,,,,,,,,,"[""10""]",|turn|10
smogtours-gen5ou-59402,156,10,move,MoveUsed,Action,p1a: Riou,p1,p1a,Riou,p2a: Rotom-Wash,p2,p2a,Rotom-Wash,Thunderbolt,,,,,,,,"{""tags"": []}","[""p1a: Riou"", ""Thunderbolt"", ""p2a: Rotom-Wash""]",|move|p1a: Riou|Thunderbolt|p2a: Rotom-Wash
smogtours-gen5ou-59402,157,10,-damage,DamageApplied,HPChange,p2a: Rotom-Wash,p2,p2a,Rotom-Wash,,,,,,,0,,fnt,-93,,,"{""tags"": []}","[""p2a: Rotom-Wash"", ""0 fnt""]",|-damage|p2a: Rotom-Wash|0 fnt
smogtours-gen5ou-59402,158,10,faint,PokemonFainted,KO,p2a: Rotom-Wash,p2,p2a,Rotom-Wash,,,,,,,,,,,,,,"[""p2a: Rotom-Wash""]",|faint|p2a: Rotom-Wash
smogtours-gen5ou-59402,159,10,-weather,WeatherChanged,Field,,,,,,,,,,,,,,,RainDance,,"{""tags"": [""[upkeep]""], ""upkeep"": """"}","[""RainDance"", ""[upkeep]""]",|-weather|RainDance|[upkeep]
smogtours-gen5ou-59402,160,10,-heal,HealApplied,HPChange,p1a: Riou,p1,p1a,Riou,,,,,,,81,383,,23,,item: Leftovers,"{""tags"": [""[from] item: Leftovers""], ""from"": ""item: Leftovers""}","[""p1a: Riou"", ""81/383"", ""[from] item: Leftovers""]",|-heal|p1a: Riou|81/383|[from] item: Leftovers
smogtours-gen5ou-59402,161,10,switch,PokemonSwitched,Switch,p2a: Latios,p2,p2a,Latios,,,,,,"Latios, M",304,304,,,,,,"[""p2a: Latios"", ""Latios, M"", ""304/304""]","|switch|p2a: Latios|Latios, M|304/304"
smogtours-gen5ou-59402,162,10,-damage,DamageApplied,HPChange,p2a: Latios,p2,p2a,Latios,,,,,,,266,304,,-38,,Stealth Rock,"{""tags"": [""[from] Stealth Rock""], ""from"": ""Stealth Rock""}","[""p2a: Latios"", ""266/304"", ""[from] Stealth Rock""]",|-damage|p2a: Latios|266/304|[from] Stealth Rock
smogtours-gen5ou-59402,163,11,turn,TurnStarted,TurnMarker,,,,,,,,,,,,,,,,,,"[""11""]",|turn|11
smogtours-gen5ou-59402,164,11,switch,PokemonSwitched,Switch,p1a: Zamza,p1,p1a,Zamza,,,,,,"Tentacruel, M",363,363,,,,,,"[""p1a: Zamza"", ""Tentacruel, M"", ""363/363""]","|switch|p1a: Zamza|Tentacruel, M|363/363"
smogtours-gen5ou-59402,165,11,-damage,DamageApplied,HPChange,p1a: Zamza,p1,p1a,Zamza,,,,,,,318,363,,-45,,Stealth Rock,"{""tags"": [""[from] Stealth Rock""], ""from"": ""Stealth Rock""}","[""p1a: Zamza"", ""318/363"", ""[from] Stealth Rock""]",|-damage|p1a: Zamza|318/363|[from] Stealth Rock
smogtours-gen5ou-59402,166,11,move,MoveUsed,Action,p2a: Latios,p2,p2a,Latios,p1a: Zamza,p1,p1a,Zamza,Draco Meteor,,,,,,,,"{""tags"": [""[miss]""], ""miss"": """"}","[""p2a: Latios"", ""Draco Meteor"", ""p1a: Zamza"", ""[miss]""]",|move|p2a: Latios|Draco Meteor|p1a: Zamza|[miss]
smogtours-gen5ou-59402,167,11,-miss,MoveMissed,Event,p2a: Latios,p2,p2a,Latios,p1a: Zamza,p1,p1a,Zamza,,,,,,,,,"{""tags"": []}","[""p2a: Latios"", ""p1a: Zamza""]",|-miss|p2a: Latios|p1a: Zamza
smogtours-gen5ou-59402,168,11,-weather,WeatherChanged,Field,,,,,,,,,,,,,,,RainDance,,"{""tags"": [""[upkeep]""], ""upkeep"": """"}","[""RainDance"", ""[upkeep]""]",|-weather|RainDance|[upkeep]
smogtours-gen5ou-59402,169,11,-heal,HealApplied,HPChange,p1a: Zamza,p1,p1a,Zamza,,,,,,,340,363,,22,,ability: Rain Dish,"{""tags"": [""[from] ability: Rain Dish""], ""from"": ""ability: Rain Dish""}","[""p1a: Zamza"", ""340/363"", ""[from] ability: Rain Dish""]",|-heal|p1a: Zamza|340/363|[from] ability: Rain Dish
smogtours-gen5ou-59402,170,11,-heal,HealApplied,HPChange,p1a: Zamza,p1,p1a,Zamza,,,,,,,362,363,,22,,item: Black Sludge,"{""tags"": [""[from] item: Black Sludge""], ""from"": ""item: Black Sludge""}","[""p1a: Zamza"", ""362/363"", ""[from] item: Black Sludge""]",|-heal|p1a: Zamza|362/363|[from] item: Black Sludge
smogtours-gen5ou-59402,171,12,turn,TurnStarted,TurnMarker,,,,,,,,,,,,,,,,,,"[""12""]",|turn|12
smogtours-gen5ou-59402,172,12,J,UserJoined,Spectator,,,,Steelphoenix,,,,,,,,,,,,,,"[""Steelphoenix""]",|J|Steelphoenix
smogtours-gen5ou-59402,173,12,L,UserLeft,Spectator,,,,xastify,,,,,,,,,,,,,,"[""xastify""]",|L|xastify
smogtours-gen5ou-59402,174,12,move,MoveUsed,Action,p2a: Latios,p2,p2a,Latios,p1a: Zamza,p1,p1a,Zamza,Draco Meteor,,,,,,,,"{""tags"": []}","[""p2a: Latios"", ""Draco Meteor"", ""p1a: Zamza""]",|move|p2a: Latios|Draco Meteor|p1a: Zamza
smogtours-gen5ou-59402,175,12,-damage,DamageApplied,HPChange,p1a: Zamza,p1,p1a,Zamza,,,,,,,35,363,,-327,,,"{""tags"": []}","[""p1a: Zamza"", ""35/363""]",|-damage|p1a: Zamza|35/363
smogtours-gen5ou-59402,176,12,-unboost,StatUnboosted,Event,p2a: Latios,p2,p2a,Latios,,,,,,,,,,,spa,,"{""amount"": ""2""}","[""p2a: Latios"", ""spa"", ""2""]",|-unboost|p2a: Latios|spa|2
smogtours-gen5ou-59402,177,12,move,MoveUsed,Action,p1a: Zamza,p1,p1a,Zamza,p2a: Latios,p2,p2a,Latios,Rapid Spin,,,,,,,,"{""tags"": []}","[""p1a: Zamza"", ""Rapid Spin"", ""p2a: Latios""]",|move|p1a: Zamza|Rapid Spin|p2a: Latios
smogtours-gen5ou-59402,178,12,-damage,DamageApplied,HPChange,p2a: Latios,p2,p2a,Latios,,,,,,,253,304,,-13,,,"{""tags"": []}","[""p2a: Latios"", ""253/304""]",|-damage|p2a: Latios|253/304
smogtours-gen5ou-59402,179,12,-sideend,SideConditionEnded,Field,,,,,,,,,,,,,,,p1: Reymedy,move: Rapid Spin,"{""tags"": [""Stealth Rock"", ""[from] move: Rapid Spin"", ""[of] p1a: Zamza""], ""from"": ""move: Rapid Spin"", ""of"": ""p1a: Zamza"", ""other"": [""Stealth Rock""]}","[""p1: Reymedy"", ""Stealth Rock"", ""[from] move: Rapid Spin"", ""[of] p1a: Zamza""]",|-sideend|p1: Reymedy|Stealth Rock|[from] move: Rapid Spin|[of] p1a: Zamza
smogtours-gen5ou-59402,180,12,-weather,WeatherChanged,Field,,,,,,,,,,,,,,,RainDance,,"{""tags"": [""[upkeep]""], ""upkeep"": """"}","[""RainDance"", ""[upkeep]""]",|-weather|RainDance|[upkeep]
smogtours-gen5ou-59402,181,12,-heal,HealApplied,HPChange,p1a: Zamza,p1,p1a,Zamza,,,,,,,57,363,,22,,ability: Rain Dish,"{""tags"": [""[from] ability: Rain Dish""], ""from"": ""ability: Rain Dish""}","[""p1a: Zamza"", ""57/363"", ""[from] ability: Rain Dish""]",|-heal|p1a: Zamza|57/363|[from] ability: Rain Dish
smogtours-gen5ou-59402,182,12,-heal,HealApplied,HPChange,p1a: Zamza,p1,p1a,Zamza,,,,,,,79,363,,22,,item: Black Sludge,"{""tags"": [""[from] item: Black Sludge""], ""from"": ""item: Black Sludge""}","[""p1a: Zamza"", ""79/363"", ""[from] item: Black Sludge""]",|-heal|p1a: Zamza|79/363|[from] item: Black Sludge
smogtours-gen5ou-59402,183,13,turn,TurnStarted,TurnMarker,,,,,,,,,,,,,,,,,,"[""13""]",|turn|13
smogtours-gen5ou-59402,184,13,switch,PokemonSwitched,Switch,p2a: Hippowdon,p2,p2a,Hippowdon,,,,,,"Hippowdon, F",298,420,tox,,,,,"[""p2a: Hippowdon"", ""Hippowdon, F"", ""298/420 tox""]","|switch|p2a: Hippowdon|Hippowdon, F|298/420 tox"
smogtours-gen5ou-59402,185,13,-damage,DamageApplied,HPChange,p2a: Hippowdon,p2,p2a,Hippowdon,,,,,,,272,420,tox,-26,,Stealth Rock,"{""tags"": [""[from] Stealth Rock""], ""from"": ""Stealth Rock""}","[""p2a: Hippowdon"", ""272/420 tox"", ""[from] Stealth Rock""]",|-damage|p2a: Hippowdon|272/420 tox|[from] Stealth Rock
smogtours-gen5ou-59402,186,13,-weather,WeatherChanged,Field,,,,,,,,,,,,,,,Sandstorm,ability: Sand Stream,"{""tags"": [""[from] ability: Sand Stream"", ""[of] p2a: Hippowdon""], ""from"": ""ability: Sand Stream"", ""of"": ""p2a: Hippowdon""}","[""Sandstorm"", ""[from] ability: Sand Stream"", ""[of] p2a: Hippowdon""]",|-weather|Sandstorm|[from] ability: Sand Stream|[of] p2a: Hippowdon
smogtours-gen5ou-59402,187,13,move,MoveUsed,Action,p1a: Zamza,p1,p1a,Zamza,p2a: Hippowdon,p2,p2a,Hippowdon,Scald,,,,,,,,"{""tags"": []}","[""p1a: Zamza"", ""Scald"", ""p2a: Hippowdon""]",|move|p1a: Zamza|Scald|p2a: Hippowdon
smogtours-gen5ou-59402,188,13,-supereffective,TypeEffectivenessSuper,Event,,,,,p2a: Hippowdon,p2,p2a,Hippowdon,,,,,,,,,"{""tags"": []}","[""p2a: Hippowdon""]",|-supereffective|p2a: Hippowdon
smogtours-gen5ou-59402,189,13,-damage,DamageApplied,HPChange,p2a: Hippowdon,p2,p2a,Hippowdon,,,,,,,60,420,tox,-212,,,"{""tags"": []}","[""p2a: Hippowdon"", ""60/420 tox""]",|-damage|p2a: Hippowdon|60/420 tox
smogtours-gen5ou-59402,190,13,-weather,WeatherChanged,Field,,,,,,,,,,,,,,,Sandstorm,,"{""tags"": [""[upkeep]""], ""upkeep"": """"}","[""Sandstorm"", ""[upkeep]""]",|-weather|Sandstorm|[upkeep]
smogtours-gen5ou-59402,191,13,-damage,DamageApplied,HPChange,p1a: Zamza,p1,p1a,Zamza,,,,,,,57,363,,-22,,sandstorm,"{""tags"": [""[from] sandstorm""], ""from"": ""sandstorm""}","[""p1a: Zamza"", ""57/363"", ""[from] sandstorm""]",|-damage|p1a: Zamza|57/363|[from] sandstorm
smogtours-gen5ou-59402,192,13,-heal,HealApplied,HPChange,p1a: Zamza,p1,p1a,Zamza,,,,,,,79,363,,22,,item: Black Sludge,"{""tags"": [""[from] item: Black Sludge""], ""from"": ""item: Black Sludge""}","[""p1a: Zamza"", ""79/363"", ""[from] item: Black Sludge""]",|-heal|p1a: Zamza|79/363|[from] item: Black Sludge
smogtours-gen5ou-59402,193,13,-heal,HealApplied,HPChange,p2a: Hippowdon,p2,p2a,Hippowdon,,,,,,,86,420,tox,26,,item: Leftovers,"{""tags"": [""[from] item: Leftovers""], ""from"": ""item: Leftovers""}","[""p2a: Hippowdon"", ""86/420 tox"", ""[from] item: Leftovers""]",|-heal|p2a: Hippowdon|86/420 tox|[from] item: Leftovers
smogtours-gen5ou-59402,194,13,-damage,DamageApplied,HPChange,p2a: Hippowdon,p2,p2a,Hippowdon,,,,,,,60,420,tox,-26,,psn,"{""tags"": [""[from] psn""], ""from"": ""psn""}","[""p2a: Hippowdon"", ""60/420 tox"", ""[from] psn""]",|-damage|p2a: Hippowdon|60/420 tox|[from] psn
smogtours-gen5ou-59402,195,14,turn,TurnStarted,TurnMarker,,,,,,,,,,,,,,,,,,"[""14""]",|turn|14
smogtours-gen5ou-59402,196,14,switch,PokemonSwitched,Switch,p2a: Ferrothorn,p2,p2a,Ferrothorn,,,,,,"Ferrothorn, F",352,352,,,,,,"[""p2a: Ferrothorn"", ""Ferrothorn, F"", ""352/352""]","|switch|p2a: Ferrothorn|Ferrothorn, F|352/352"
smogtours-gen5ou-59402,197,14,-damage,DamageApplied,HPChange,p2a: Ferrothorn,p2,p2a,Ferrothorn,,,,,,,330,352,,-22,,Stealth Rock,"{""tags"": [""[from] Stealth Rock""], ""from"": ""Stealth Rock""}","[""p2a: Ferrothorn"", ""330/352"", ""[from] Stealth Rock""]",|-damage|p2a: Ferrothorn|330/352|[from] Stealth Rock
smogtours-gen5ou-59402,198,14,move,MoveUsed,Action,p1a: Zamza,p1,p1a,Zamza,p2a: Ferrothorn,p2,p2a,Ferrothorn,Scald,,,,,,,,"{""tags"": []}","[""p1a: Zamza"", ""Scald"", ""p2a: Ferrothorn""]",|move|p1a: Zamza|Scald|p2a: Ferrothorn
smogtours-gen5ou-59402,199,14,-resisted,TypeEffectivenessResisted,Event,,,,,p2a: Ferrothorn,p2,p2a,Ferrothorn,,,,,,,,,"{""tags"": []}","[""p2a: Ferrothorn""]",|-resisted|p2a: Ferrothorn
smogtours-gen5ou-59402,200,14,-damage,DamageApplied,HPChange,p2a: Ferrothorn,p2,p2a,Ferrothorn,,,,,,,304,352,,-26,,,"{""tags"": []}","[""p2a: Ferrothorn"", ""304/352""]",|-damage|p2a: Ferrothorn|304/352
smogtours-gen5ou-59402,201,14,-status,StatusApplied,Status,p2a: Ferrothorn,p2,p2a,Ferrothorn,,,,,,,,,,,brn,,"{""tags"": []}","[""p2a: Ferrothorn"", ""brn""]",|-status|p2a: Ferrothorn|brn
smogtours-gen5ou-59402,202,14,-weather,WeatherChanged,Field,,,,,,,,,,,,,,,Sandstorm,,"{""tags"": [""[upkeep]""], ""upkeep"": """"}","[""Sandstorm"", ""[upkeep]""]",|-weather|Sandstorm|[upkeep]
smogtours-gen5ou-59402,203,14,-damage,DamageApplied,HPChange,p1a: Zamza,p1,p1a,Zamza,,,,,,,57,363,,-22,,sandstorm,"{""tags"": [""[from] sandstorm""], ""from"": ""sandstorm""}","[""p1a: Zamza"", ""57/363"", ""[from] sandstorm""]",|-damage|p1a: Zamza|57/363|[from] sandstorm
smogtours-gen5ou-59402,204,14,-heal,HealApplied,HPChange,p1a: Zamza,p1,p1a,Zamza,,,,,,,79,363,,22,,item: Black Sludge,"{""tags"": [""[from] item: Black Sludge""], ""from"": ""item: Black Sludge""}","[""p1a: Zamza"", ""79/363"", ""[from] item: Black Sludge""]",|-heal|p1a: Zamza|79/363|[from] item: Black Sludge
smogtours-gen5ou-59402,205,14,-heal,HealApplied,HPChange,p2a: Ferrothorn,p2,p2a,Ferrothorn,,,,,,,326,352,brn,22,,item: Leftovers,"{""tags"": [""[from] item: Leftovers""], ""from"": ""item: Leftovers""}","[""p2a: Ferrothorn"", ""326/352 brn"", ""[from] item: Leftovers""]",|-heal|p2a: Ferrothorn|326/352 brn|[from] item: Leftovers
smogtours-gen5ou-59402,206,14,-damage,DamageApplied,HPChange,p2a: Ferrothorn,p2,p2a,Ferrothorn,,,,,,,282,352,brn,-44,,brn,"{""tags"": [""[from] brn""], ""from"": ""brn""}","[""p2a: Ferrothorn"", ""282/352 brn"", ""[from] brn""]",|-damage|p2a: Ferrothorn|282/352 brn|[from] brn
smogtours-gen5ou-59402,207,15,turn,TurnStarted,TurnMarker,,,,,,,,,,,,,,,,,,"[""15""]",|turn|15
smogtours-gen5ou-59402,208,15,switch,PokemonSwitched,Switch,p1a: Bonaparte,p1,p1a,Bonaparte,,,,,,"Politoed, M",108,323,,,,,,"[""p1a: Bonaparte"", ""Politoed, M"", ""108/323""]","|switch|p1a: Bonaparte|Politoed, M|108/323"
smogtours-gen5ou-59402,209,15,-weather,WeatherChanged,Field,,,,,,,,,,,,,,,RainDance,ability: Drizzle,"{""tags"": [""[from] ability: Drizzle"", ""[of] p1a: Bonaparte""], ""from"": ""ability: Drizzle"", ""of"": ""p1a: Bonaparte""}","[""RainDance"", ""[from] ability: Drizzle"", ""[of] p1a: Bonaparte""]",|-weather|RainDance|[from] ability: Drizzle|[of] p1a: Bonaparte
smogtours-gen5ou-59402,210,15,move,MoveUsed,Action,p2a: Ferrothorn,p2,p2a,Ferrothorn,p1a: Bonaparte,p1,p1a,Bonaparte,Explosion,,,,,,,,"{""tags"": []}","[""p2a: Ferrothorn"", ""Explosion"", ""p1a: Bonaparte""]",|move|p2a: Ferrothorn|Explosion|p1a: Bonaparte
smogtours-gen5ou-59402,211,15,-damage,DamageApplied,HPChange,p1a: Bonaparte,p1,p1a,Bonaparte,,,,,,,0,,fnt,-108,,,"{""tags"": []}","[""p1a: Bonaparte"", ""0 fnt""]",|-damage|p1a: Bonaparte|0 fnt
smogtours-gen5ou-59402,212,15,faint,PokemonFainted,KO,p2a: Ferrothorn,p2,p2a,Ferrothorn,,,,,,,,,,,,,,"[""p2a: Ferrothorn""]",|faint|p2a: Ferrothorn
smogtours-gen5ou-59402,213,15,faint,PokemonFainted,KO,p1a: Bonaparte,p1,p1a,Bonaparte,,,,,,,,,,,,,,"[""p1a: Bonaparte""]",|faint|p1a: Bonaparte
smogtours-gen5ou-59402,214,15,-weather,WeatherChanged,Field,,,,,,,,,,,,,,,RainDance,,"{""tags"": [""[upkeep]""], ""upkeep"": """"}","[""RainDance"", ""[upkeep]""]",|-weather|RainDance|[upkeep]
smogtours-gen5ou-59402,215,15,switch,PokemonSwitched,Switch,p1a: Rikimaru,p1,p1a,Rikimaru,,,,,,"Garchomp, M",236,420,,,,,,"[""p1a: Rikimaru"", ""Garchomp, M"", ""236/420""]","|switch|p1a: Rikimaru|Garchomp, M|236/420"
smogtours-gen5ou-59402,216,15,switch,PokemonSwitched,Switch,p2a: Hippowdon,p2,p2a,Hippowdon,,,,,,"Hippowdon, F",60,420,tox,,,,,"[""p2a: Hippowdon"", ""Hippowdon, F"", ""60/420 tox""]","|switch|p2a: Hippowdon|Hippowdon, F|60/420 tox"
smogtours-gen5ou-59402,217,15,-damage,DamageApplied,HPChange,p2a: Hippowdon,p2,p2a,Hippowdon,,,,,,,34,420,tox,-26,,Stealth Rock,"{""tags"": [""[from] Stealth Rock""], ""from"": ""Stealth Rock""}","[""p2a: Hippowdon"", ""34/420 tox"", ""[from] Stealth Rock""]",|-damage|p2a: Hippowdon|34/420 tox|[from] Stealth Rock
smogtours-gen5ou-59402,218,15,-weather,WeatherChanged,Field,,,,,,,,,,,,,,,Sandstorm,ability: Sand Stream,"{""tags"": [""[from] ability: Sand Stream"", ""[of] p2a: Hippowdon""], ""from"": ""ability: Sand Stream"", ""of"": ""p2a: Hippowdon""}","[""Sandstorm"", ""[from] ability: Sand Stream"", ""[of] p2a: Hippowdon""]",|-weather|Sandstorm|[from] ability: Sand Stream|[of] p2a: Hippowdon
smogtours-gen5ou-59402,219,16,turn,TurnStarted,TurnMarker,,,,,,,,,,,,,,,,,,"[""16""]",|turn|16
smogtours-gen5ou-59402,220,16,switch,PokemonSwitched,Switch,p2a: Latios,p2,p2a,Latios,,,,,,"Latios, M",253,304,,,,,,"[""p2a: Latios"", ""Latios, M"", ""253/304""]","|switch|p2a: Latios|Latios, M|253/304"
smogtours-gen5ou-59402,221,16,-damage,DamageApplied,HPChange,p2a: Latios,p2,p2a,Latios,,,,,,,215,304,,-38,,Stealth Rock,"{""tags"": [""[from] Stealth Rock""], ""from"": ""Stealth Rock""}","[""p2a: Latios"", ""215/304"", ""[from] Stealth Rock""]",|-damage|p2a: Latios|215/304|[from] Stealth Rock
smogtours-gen5ou-59402,222,16,move,MoveUsed,Action,p1a: Rikimaru,p1,p1a,Rikimaru,p2a: Latios,p2,p2a,Latios,Earthquake,,,,,,,,"{""tags"": []}","[""p1a: Rikimaru"", ""Earthquake"", ""p2a: Latios""]",|move|p1a: Rikimaru|Earthquake|p2a: Latios
smogtours-gen5ou-59402,223,16,-immune,TypeEffectivenessImmune,Event,,,,,p2a: Latios,p2,p2a,Latios,,,,,,,,,"{""tags"": [""[msg]""], ""msg"": """"}","[""p2a: Latios"", ""[msg]""]",|-immune|p2a: Latios|[msg]
smogtours-gen5ou-59402,224,16,-weather,WeatherChanged,Field,,,,,,,,,,,,,,,Sandstorm,,"{""tags"": [""[upkeep]""], ""upkeep"": """"}","[""Sandstorm"", ""[upkeep]""]",|-weather|Sandstorm|[upkeep]
smogtours-gen5ou-59402,225,16,-damage,DamageApplied,HPChange,p2a: Latios,p2,p2a,Latios,,,,,,,196,304,,-19,,sandstorm,"{""tags"": [""[from] sandstorm""], ""from"": ""sandstorm""}","[""p2a: Latios"", ""196/304"", ""[from] sandstorm""]",|-damage|p2a: Latios|196/304|[from] sandstorm
smogtours-gen5ou-59402,226,17,turn,TurnStarted,TurnMarker,,,,,,,,,,,,,,,,,,"[""17""]",|turn|17
smogtours-gen5ou-59402,227,17,switch,PokemonSwitched,Switch,p1a: Gengen,p1,p1a,Gengen,,,,,,"Breloom, F",69,307,tox,,,,,"[""p1a: Gengen"", ""Breloom, F"", ""69/307 tox""]","|switch|p1a: Gengen|Breloom, F|69/307 tox"
smogtours-gen5ou-59402,228,17,move,MoveUsed,Action,p2a: Latios,p2,p2a,Latios,p1a: Gengen,p1,p1a,Gengen,Draco Meteor,,,,,,,,"{""tags"": []}","[""p2a: Latios"", ""Draco Meteor"", ""p1a: Gengen""]",|move|p2a: Latios|Draco Meteor|p1a: Gengen
smogtours-gen5ou-59402,229,17,-damage,DamageApplied,HPChange,p1a: Gengen,p1,p1a,Gengen,,,,,,,0,,fnt,-69,,,"{""tags"": []}","[""p1a: Gengen"", ""0 fnt""]",|-damage|p1a: Gengen|0 fnt
smogtours-gen5ou-59402,230,17,-unboost,StatUnboosted,Event,p2a: Latios,p2,p2a,Latios,,,,,,,,,,,spa,,"{""amount"": ""2""}","[""p2a: Latios"", ""spa"", ""2""]",|-unboost|p2a: Latios|spa|2
smogtours-gen5ou-59402,231,17,faint,PokemonFainted,KO,p1a: Gengen,p1,p1a,Gengen,,,,,,,,,,,,,,"[""p1a: Gengen""]",|faint|p1a: Gengen
smogtours-gen5ou-59402,232,17,-weather,WeatherChanged,Field,,,,,,,,,,,,,,,Sandstorm,,"{""tags"": [""[upkeep]""], ""upkeep"": """"}","[""Sandstorm"", ""[upkeep]""]",|-weather|Sandstorm|[upkeep]
smogtours-gen5ou-59402,233,17,-damage,DamageApplied,HPChange,p2a: Latios,p2,p2a,Latios,,,,,,,177,304,,-19,,sandstorm,"{""tags"": [""[from] sandstorm""], ""from"": ""sandstorm""}","[""p2a: Latios"", ""177/304"", ""[from] sandstorm""]",|-damage|p2a: Latios|177/304|[from] sandstorm
smogtours-gen5ou-59402,234,17,switch,PokemonSwitched,Switch,p1a: Nanami,p1,p1a,Nanami,,,,,,Jirachi,218,403,,,,,,"[""p1a: Nanami"", ""Jirachi"", ""218/403""]",|switch|p1a: Nanami|Jirachi|218/403
smogtours-gen5ou-59402,235,18,turn,TurnStarted,TurnMarker,,,,,,,,,,,,,,,,,,"[""18""]",|turn|18
smogtours-gen5ou-59402,236,18,switch,PokemonSwitched,Switch,p2a: Metagross,p2,p2a,Metagross,,,,,,Metagross,344,344,,,,,,"[""p2a: Metagross"", ""Metagross"", ""344/344""]",|switch|p2a: Metagross|Metagross|344/344
smogtours-gen5ou-59402,237,18,-damage,DamageApplied,HPChange,p2a: Metagross,p2,p2a,Metagross,,,,,,,323,344,,-21,,Stealth Rock,"{""tags"": [""[from] Stealth Rock""], ""from"": ""Stealth Rock""}","[""p2a: Metagross"", ""323/344"", ""[from] Stealth Rock""]",|-damage|p2a: Metagross|323/344|[from] Stealth Rock
smogtours-gen5ou-59402,238,18,move,MoveUsed,Action,p1a: Nanami,p1,p1a,Nanami,p1a: Nanami,p1,p1a,Nanami,Wish,,,,,,,,"{""tags"": []}","[""p1a: Nanami"", ""Wish"", ""p1a: Nanami""]",|move|p1a: Nanami|Wish|p1a: Nanami
smogtours-gen5ou-59402,239,18,-weather,WeatherChanged,Field,,,,,,,,,,,,,,,Sandstorm,,"{""tags"": [""[upkeep]""], ""upkeep"": """"}","[""Sandstorm"", ""[upkeep]""]",|-weather|Sandstorm|[upkeep]
smogtours-gen5ou-59402,240,18,-heal,HealApplied,HPChange,p1a: Nanami,p1,p1a,Nanami,,,,,,,243,403,,25,,item: Leftovers,"{""tags"": [""[from] item: Leftovers""], ""from"": ""item: Leftovers""}","[""p1a: Nanami"", ""243/403"", ""[from] item: Leftovers""]",|-heal|p1a: Nanami|243/403|[from] item: Leftovers
smogtours-gen5ou-59402,241,19,turn,TurnStarted,TurnMarker,,,,,,,,,,,,,,,,,,"[""19""]",|turn|19
smogtours-gen5ou-59402,242,19,move,MoveUsed,Action,p1a: Nanami,p1,p1a,Nanami,p1a: Nanami,p1,p1a,Nanami,Protect,,,,,,,,"{""tags"": []}","[""p1a: Nanami"", ""Protect"", ""p1a: Nanami""]",|move|p1a: Nanami|Protect|p1a: Nanami
smogtours-gen5ou-59402,243,19,-singleturn,SingleTurnCondition,Event,p1a: Nanami,p1,p1a,Nanami,,,,,,,,,,,Protect,,"{""tags"": []}","[""p1a: Nanami"", ""Protect""]",|-singleturn|p1a: Nanami|Protect
smogtours-gen5ou-59402,244,19,move,MoveUsed,Action,p2a: Metagross,p2,p2a,Metagross,p1a: Nanami,p1,p1a,Nanami,Explosion,,,,,,,,"{""tags"": []}","[""p2a: Metagross"", ""Explosion"", ""p1a: Nanami""]",|move|p2a: Metagross|Explosion|p1a: Nanami
smogtours-gen5ou-59402,245,19,-activate,EffectActivated,Event,p1a: Nanami,p1,p1a,Nanami,,,,,,,,,,,Protect,,"{""tags"": []}","[""p1a: Nanami"", ""Protect""]",|-activate|p1a: Nanami|Protect
smogtours-gen5ou-59402,246,19,faint,PokemonFainted,KO,p2a: Metagross,p2,p2a,Metagross,,,,,,,,,,,,,,"[""p2a: Metagross""]",|faint|p2a: Metagross
smogtours-gen5ou-59402,247,19,-weather,WeatherChanged,Field,,,,,,,,,,,,,,,Sandstorm,,"{""tags"": [""[upkeep]""], ""upkeep"": """"}","[""Sandstorm"", ""[upkeep]""]",|-weather|Sandstorm|[upkeep]
smogtours-gen5ou-59402,248,19,-heal,HealApplied,HPChange,p1a: Nanami,p1,p1a,Nanami,,,,,,,403,403,,160,,move: Wish,"{""tags"": [""[from] move: Wish"", ""[wisher] Nanami""], ""from"": ""move: Wish"", ""wisher"": ""Nanami""}","[""p1a: Nanami"", ""403/403"", ""[from] move: Wish"", ""[wisher] Nanami""]",|-heal|p1a: Nanami|403/403|[from] move: Wish|[wisher] Nanami
smogtours-gen5ou-59402,249,19,c,ChatMessage,Chat,,,,★Leftiez~,,,,,,,,,,,oops,,,"[""★Leftiez~"", ""oops""]",|c|★Leftiez~|oops
smogtours-gen5ou-59402,250,19,c,ChatMessage,Chat,,,,★Reymedy,,,,,,,,,,,lol,,,"[""★Reymedy"", ""lol""]",|c|★Reymedy|lol
smogtours-gen5ou-59402,251,19,switch,PokemonSwitched,Switch,p2a: Latios,p2,p2a,Latios,,,,,,"Latios, M",177,304,,,,,,"[""p2a: Latios"", ""Latios, M"", ""177/304""]","|switch|p2a: Latios|Latios, M|177/304"
smogtours-gen5ou-59402,252,19,-damage,DamageApplied,HPChange,p2a: Latios,p2,p2a,Latios,,,,,,,139,304,,-38,,Stealth Rock,"{""tags"": [""[from] Stealth Rock""], ""from"": ""Stealth Rock""}","[""p2a: Latios"", ""139/304"", ""[from] Stealth Rock""]",|-damage|p2a: Latios|139/304|[from] Stealth Rock
smogtours-gen5ou-59402,253,20,turn,TurnStarted,TurnMarker,,,,,,,,,,,,,,,,,,"[""20""]",|turn|20
smogtours-gen5ou-59402,254,20,c,ChatMessage,Chat,,,,&iconic,,,,,,,,,,,dun dun dun,,,"[""&iconic"", ""dun dun dun""]",|c|&iconic|dun dun dun
smogtours-gen5ou-59402,255,20,c,ChatMessage,Chat,,,,★Leftiez~,,,,,,,,,,,i forgot,,,"[""★Leftiez~"", ""i forgot""]",|c|★Leftiez~|i forgot
smogtours-gen5ou-59402,256,20,c,ChatMessage,Chat,,,,★Leftiez~,,,,,,,,,,,it has protect Oo,,,"[""★Leftiez~"", ""it has protect Oo""]",|c|★Leftiez~|it has protect Oo
smogtours-gen5ou-59402,257,20,switch,PokemonSwitched,Switch,p1a: Riou,p1,p1a,Riou,,,,,,Zapdos,81,383,,,,,,"[""p1a: Riou"", ""Zapdos"", ""81/383""]",|switch|p1a: Riou|Zapdos|81/383
smogtours-gen5ou-59402,258,20,-ability,AbilityRevealed,Event,p1a: Riou,p1,p1a,Riou,,,,,,,,,,,Pressure,,"{""tags"": []}","[""p1a: Riou"", ""Pressure""]",|-ability|p1a: Riou|Pressure
smogtours-gen5ou-59402,259,20,move,MoveUsed,Action,p2a: Latios,p2,p2a,Latios,p1a: Riou,p1,p1a,Riou,Trick,,,,,,,,"{""tags"": []}","[""p2a: Latios"", ""Trick"", ""p1a: Riou""]",|move|p2a: Latios|Trick|p1a: Riou
smogtours-gen5ou-59402,260,20,-activate,EffectActivated,Event,p2a: Latios,p2,p2a,Latios,,,,,,,,,,,move: Trick,,"{""tags"": [""[of] p1a: Riou""], ""of"": ""p1a: Riou""}","[""p2a: Latios"", ""move: Trick"", ""[of] p1a: Riou""]",|-activate|p2a: Latios|move: Trick|[of] p1a: Riou
smogtours-gen5ou-59402,261,20,-item,ItemChanged,Event,p1a: Riou,p1,p1a,Riou,,,,,,,,,,,Choice Specs,,"{""tags"": [""[from] move: Trick""], ""from"": ""move: Trick""}","[""p1a: Riou"", ""Choice Specs"", ""[from] move: Trick""]",|-item|p1a: Riou|Choice Specs|[from] move: Trick
smogtours-gen5ou-59402,262,20,-item,ItemChanged,Event,p2a: Latios,p2,p2a,Latios,,,,,,,,,,,Leftovers,,"{""tags"": [""[from] move: Trick""], ""from"": ""move: Trick""}","[""p2a: Latios"", ""Leftovers"", ""[from] move: Trick""]",|-item|p2a: Latios|Leftovers|[from] move: Trick
smogtours-gen5ou-59402,263,20,-weather,WeatherChanged,Field,,,,,,,,,,,,,,,Sandstorm,,"{""tags"": [""[upkeep]""], ""upkeep"": """"}","[""Sandstorm"", ""[upkeep]""]",|-weather|Sandstorm|[upkeep]
smogtours-gen5ou-59402,264,20,-damage,DamageApplied,HPChange,p2a: Latios,p2,p2a,Latios,,,,,,,120,304,,-19,,sandstorm,"{""tags"": [""[from] sandstorm""], ""from"": ""sandstorm""}","[""p2a: Latios"", ""120/304"", ""[from] sandstorm""]",|-damage|p2a: Latios|120/304|[from] sandstorm
smogtours-gen5ou-59402,265,20,-damage,DamageApplied,HPChange,p1a: Riou,p1,p1a,Riou,,,,,,,58,383,,-23,,sandstorm,"{""tags"": [""[from] sandstorm""], ""from"": ""sandstorm""}","[""p1a: Riou"", ""58/383"", ""[from] sandstorm""]",|-damage|p1a: Riou|58/383|[from] sandstorm
smogtours-gen5ou-59402,266,20,-heal,HealApplied,HPChange,p2a: Latios,p2,p2a,Latios,,,,,,,139,304,,19,,item: Leftovers,"{""tags"": [""[from] item: Leftovers""], ""from"": ""item: Leftovers""}","[""p2a: Latios"", ""139/304"", ""[from] item: Leftovers""]",|-heal|p2a: Latios|139/304|[from] item: Leftovers
smogtours-gen5ou-59402,267,21,turn,TurnStarted,TurnMarker,,,,,,,,,,,,,,,,,,"[""21""]",|turn|21
smogtours-gen5ou-59402,268,21,switch,PokemonSwitched,Switch,p1a: Nanami,p1,p1a,Nanami,,,,,,Jirachi,403,403,,,,,,"[""p1a: Nanami"", ""Jirachi"", ""403/403""]",|switch|p1a: Nanami|Jirachi|403/403
smogtours-gen5ou-59402,269,21,move,MoveUsed,Action,p2a: Latios,p2,p2a,Latios,p1a: Nanami,p1,p1a,Nanami,Psyshock,,,,,,,,"{""tags"": []}","[""p2a: Latios"", ""Psyshock"", ""p1a: Nanami""]",|move|p2a: Latios|Psyshock|p1a: Nanami
smogtours-gen5ou-59402,270,21,-resisted,TypeEffectivenessResisted,Event,,,,,p1a: Nanami,p1,p1a,Nanami,,,,,,,,,"{""tags"": []}","[""p1a: Nanami""]",|-resisted|p1a: Nanami
smogtours-gen5ou-59402,271,21,-damage,DamageApplied,HPChange,p1a: Nanami,p1,p1a,Nanami,,,,,,,368,403,,-35,,,"{""tags"": []}","[""p1a: Nanami"", ""368/403""]",|-damage|p1a: Nanami|368/403
smogtours-gen5ou-59402,272,21,-weather,WeatherChanged,Field,,,,,,,,,,,,,,,Sandstorm,,"{""tags"": [""[upkeep]""], ""upkeep"": """"}","[""Sandstorm"", ""[upkeep]""]",|-weather|Sandstorm|[upkeep]
smogtours-gen5ou-59402,273,21,-damage,DamageApplied,HPChange,p2a: Latios,p2,p2a,Latios,,,,,,,120,304,,-19,,sandstorm,"{""tags"": [""[from] sandstorm""], ""from"": ""sandstorm""}","[""p2a: Latios"", ""120/304"", ""[from] sandstorm""]",|-damage|p2a: Latios|120/304|[from] sandstorm
smogtours-gen5ou-59402,274,21,-heal,HealApplied,HPChange,p2a: Latios,p2,p2a,Latios,,,,,,,139,304,,19,,item: Leftovers,"{""tags"": [""[from] item: Leftovers""], ""from"": ""item: Leftovers""}","[""p2a: Latios"", ""139/304"", ""[from] item: Leftovers""]",|-heal|p2a: Latios|139/304|[from] item: Leftovers
smogtours-gen5ou-59402,275,21,-heal,HealApplied,HPChange,p1a: Nanami,p1,p1a,Nanami,,,,,,,393,403,,25,,item: Leftovers,"{""tags"": [""[from] item: Leftovers""], ""from"": ""item: Leftovers""}","[""p1a: Nanami"", ""393/403"", ""[from] item: Leftovers""]",|-heal|p1a: Nanami|393/403|[from] item: Leftovers
smogtours-gen5ou-59402,276,22,turn,TurnStarted,TurnMarker,,,,,,,,,,,,,,,,,,"[""22""]",|turn|22
smogtours-gen5ou-59402,277,22,move,MoveUsed,Action,p2a: Latios,p2,p2a,Latios,p1a: Nanami,p1,p1a,Nanami,Hidden Power,,,,,,,,"{""tags"": []}","[""p2a: Latios"", ""Hidden Power"", ""p1a: Nanami""]",|move|p2a: Latios|Hidden Power|p1a: Nanami
smogtours-gen5ou-59402,278,22,-supereffective,TypeEffectivenessSuper,Event,,,,,p1a: Nanami,p1,p1a,Nanami,,,,,,,,,"{""tags"": []}","[""p1a: Nanami""]",|-supereffective|p1a: Nanami
smogtours-gen5ou-59402,279,22,-damage,DamageApplied,HPChange,p1a: Nanami,p1,p1a,Nanami,,,,,,,275,403,,-118,,,"{""tags"": []}","[""p1a: Nanami"", ""275/403""]",|-damage|p1a: Nanami|275/403
smogtours-gen5ou-59402,280,22,move,MoveUsed,Action,p1a: Nanami,p1,p1a,Nanami,p2a: Latios,p2,p2a,Latios,Body Slam,,,,,,,,"{""tags"": []}","[""p1a: Nanami"", ""Body Slam"", ""p2a: Latios""]",|move|p1a: Nanami|Body Slam|p2a: Latios
smogtours-gen5ou-59402,281,22,-damage,DamageApplied,HPChange,p2a: Latios,p2,p2a,Latios,,,,,,,64,304,,-75,,,"{""tags"": []}","[""p2a: Latios"", ""64/304""]",|-damage|p2a: Latios|64/304
smogtours-gen5ou-59402,282,22,-status,StatusApplied,Status,p2a: Latios,p2,p2a,Latios,,,,,,,,,,,par,,"{""tags"": []}","[""p2a: Latios"", ""par""]",|-status|p2a: Latios|par
smogtours-gen5ou-59402,283,22,-weather,WeatherChanged,Field,,,,,,,,,,,,,,,Sandstorm,,"{""tags"": [""[upkeep]""], ""upkeep"": """"}","[""Sandstorm"", ""[upkeep]""]",|-weather|Sandstorm|[upkeep]
smogtours-gen5ou-59402,284,22,-damage,DamageApplied,HPChange,p2a: Latios,p2,p2a,Latios,,,,,,,45,304,par,-19,,sandstorm,"{""tags"": [""[from] sandstorm""], ""from"": ""sandstorm""}","[""p2a: Latios"", ""45/304 par"", ""[from] sandstorm""]",|-damage|p2a: Latios|45/304 par|[from] sandstorm
smogtours-gen5ou-59402,285,22,-heal,HealApplied,HPChange,p1a: Nanami,p1,p1a,Nanami,,,,,,,300,403,,25,,item: Leftovers,"{""tags"": [""[from] item: Leftovers""], ""from"": ""item: Leftovers""}","[""p1a: Nanami"", ""300/403"", ""[from] item: Leftovers""]",|-heal|p1a: Nanami|300/403|[from] item: Leftovers
smogtours-gen5ou-59402,286,22,-heal,HealApplied,HPChange,p2a: Latios,p2,p2a,Latios,,,,,,,64,304,par,19,,item: Leftovers,"{""tags"": [""[from] item: Leftovers""], ""from"": ""item: Leftovers""}","[""p2a: Latios"", ""64/304 par"", ""[from] item: Leftovers""]",|-heal|p2a: Latios|64/304 par|[from] item: Leftovers
smogtours-gen5ou-59402,287,23,turn,TurnStarted,TurnMarker,,,,,,,,,,,,,,,,,,"[""23""]",|turn|23
smogtours-gen5ou-59402,288,23,move,MoveUsed,Action,p1a: Nanami,p1,p1a,Nanami,p1a: Nanami,p1,p1a,Nanami,Protect,,,,,,,,"{""tags"": []}","[""p1a: Nanami"", ""Protect"", ""p1a: Nanami""]",|move|p1a: Nanami|Protect|p1a: Nanami
smogtours-gen5ou-59402,289,23,-singleturn,SingleTurnCondition,Event,p1a: Nanami,p1,p1a,Nanami,,,,,,,,,,,Protect,,"{""tags"": []}","[""p1a: Nanami"", ""Protect""]",|-singleturn|p1a: Nanami|Protect
smogtours-gen5ou-59402,290,23,move,MoveUsed,Action,p2a: Latios,p2,p2a,Latios,p1a: Nanami,p1,p1a,Nanami,Hidden Power,,,,,,,,"{""tags"": []}","[""p2a: Latios"", ""Hidden Power"", ""p1a: Nanami""]",|move|p2a: Latios|Hidden Power|p1a: Nanami
smogtours-gen5ou-59402,291,23,-activate,EffectActivated,Event,p1a: Nanami,p1,p1a,Nanami,,,,,,,,,,,Protect,,"{""tags"": []}","[""p1a: Nanami"", ""Protect""]",|-activate|p1a: Nanami|Protect
smogtours-gen5ou-59402,292,23,-weather,WeatherChanged,Field,,,,,,,,,,,,,,,Sandstorm,,"{""tags"": [""[upkeep]""], ""upkeep"": """"}","[""Sandstorm"", ""[upkeep]""]",|-weather|Sandstorm|[upkeep]
smogtours-gen5ou-59402,293,23,-damage,DamageApplied,HPChange,p2a: Latios,p2,p2a,Latios,,,,,,,45,304,par,-19,,sandstorm,"{""tags"": [""[from] sandstorm""], ""from"": ""sandstorm""}","[""p2a: Latios"", ""45/304 par"", ""[from] sandstorm""]",|-damage|p2a: Latios|45/304 par|[from] sandstorm
smogtours-gen5ou-59402,294,23,-heal,HealApplied,HPChange,p1a: Nanami,p1,p1a,Nanami,,,,,,,325,403,,25,,item: Leftovers,"{""tags"": [""[from] item: Leftovers""], ""from"": ""item: Leftovers""}","[""p1a: Nanami"", ""325/403"", ""[from] item: Leftovers""]",|-heal|p1a: Nanami|325/403|[from] item: Leftovers
smogtours-gen5ou-59402,295,23,-heal,HealApplied,HPChange,p2a: Latios,p2,p2a,Latios,,,,,,,64,304,par,19,,item: Leftovers,"{""tags"": [""[from] item: Leftovers""], ""from"": ""item: Leftovers""}","[""p2a: Latios"", ""64/304 par"", ""[from] item: Leftovers""]",|-heal|p2a: Latios|64/304 par|[from] item: Leftovers
smogtours-gen5ou-59402,296,24,turn,TurnStarted,TurnMarker,,,,,,,,,,,,,,,,,,"[""24""]",|turn|24
smogtours-gen5ou-59402,297,24,c,ChatMessage,Chat,,,,★Leftiez~,,,,,,,,,,,gg,,,"[""★Leftiez~"", ""gg""]",|c|★Leftiez~|gg
smogtours-gen5ou-59402,298,24,L,UserLeft,Spectator,,,,Korby,,,,,,,,,,,,,,"[""Korby""]",|L|Korby
smogtours-gen5ou-59402,299,24,move,MoveUsed,Action,p1a: Nanami,p1,p1a,Nanami,p2a: Latios,p2,p2a,Latios,Iron Head,,,,,,,,"{""tags"": []}","[""p1a: Nanami"", ""Iron Head"", ""p2a: Latios""]",|move|p1a: Nanami|Iron Head|p2a: Latios
smogtours-gen5ou-59402,300,24,-damage,DamageApplied,HPChange,p2a: Latios,p2,p2a,Latios,,,,,,,0,,fnt,-64,,,"{""tags"": []}","[""p2a: Latios"", ""0 fnt""]",|-damage|p2a: Latios|0 fnt
smogtours-gen5ou-59402,301,24,faint,PokemonFainted,KO,p2a: Latios,p2,p2a,Latios,,,,,,,,,,,,,,"[""p2a: Latios""]",|faint|p2a: Latios
smogtours-gen5ou-59402,302,24,-weather,WeatherChanged,Field,,,,,,,,,,,,,,,Sandstorm,,"{""tags"": [""[upkeep]""], ""upkeep"": """"}","[""Sandstorm"", ""[upkeep]""]",|-weather|Sandstorm|[upkeep]
smogtours-gen5ou-59402,303,24,-heal,HealApplied,HPChange,p1a: Nanami,p1,p1a,Nanami,,,,,,,350,403,,25,,item: Leftovers,"{""tags"": [""[from] item: Leftovers""], ""from"": ""item: Leftovers""}","[""p1a: Nanami"", ""350/403"", ""[from] item: Leftovers""]",|-heal|p1a: Nanami|350/403|[from] item: Leftovers
smogtours-gen5ou-59402,304,24,c,ChatMessage,Chat,,,,★Reymedy,,,,,,,,,,,gg,,,"[""★Reymedy"", ""gg""]",|c|★Reymedy|gg
smogtours-gen5ou-59402,305,24,switch,PokemonSwitched,Switch,p2a: Hippowdon,p2,p2a,Hippowdon,,,,,,"Hippowdon, F",34,420,tox,,,,,"[""p2a: Hippowdon"", ""Hippowdon, F"", ""34/420 tox""]","|switch|p2a: Hippowdon|Hippowdon, F|34/420 tox"
smogtours-gen5ou-59402,306,24,-damage,DamageApplied,HPChange,p2a: Hippowdon,p2,p2a,Hippowdon,,,,,,,8,420,tox,-26,,Stealth Rock,"{""tags"": [""[from] Stealth Rock""], ""from"": ""Stealth Rock""}","[""p2a: Hippowdon"", ""8/420 tox"", ""[from] Stealth Rock""]",|-damage|p2a: Hippowdon|8/420 tox|[from] Stealth Rock
smogtours-gen5ou-59402,307,25,turn,TurnStarted,TurnMarker,,,,,,,,,,,,,,,,,,"[""25""]",|turn|25
smogtours-gen5ou-59402,308,25,L,UserLeft,Spectator,,,,Marshall.Law,,,,,,,,,,,,,,"[""Marshall.Law""]",|L|Marshall.Law
smogtours-gen5ou-59402,309,25,move,MoveUsed,Action,p1a: Nanami,p1,p1a,Nanami,p2a: Hippowdon,p2,p2a,Hippowdon,Body Slam,,,,,,,,"{""tags"": []}","[""p1a: Nanami"", ""Body Slam"", ""p2a: Hippowdon""]",|move|p1a: Nanami|Body Slam|p2a: Hippowdon
smogtours-gen5ou-59402,310,25,-damage,DamageApplied,HPChange,p2a: Hippowdon,p2,p2a,Hippowdon,,,,,,,0,,fnt,-8,,,"{""tags"": []}","[""p2a: Hippowdon"", ""0 fnt""]",|-damage|p2a: Hippowdon|0 fnt
smogtours-gen5ou-59402,311,25,faint,PokemonFainted,KO,p2a: Hippowdon,p2,p2a,Hippowdon,,,,,,,,,,,,,,"[""p2a: Hippowdon""]",|faint|p2a: Hippowdon
smogtours-gen5ou-59402,312,25,-weather,WeatherChanged,Field,,,,,,,,,,,,,,,Sandstorm,,"{""tags"": [""[upkeep]""], ""upkeep"": """"}","[""Sandstorm"", ""[upkeep]""]",|-weather|Sandstorm|[upkeep]
smogtours-gen5ou-59402,313,25,-heal,HealApplied,HPChange,p1a: Nanami,p1,p1a,Nanami,,,,,,,375,403,,25,,item: Leftovers,"{""tags"": [""[from] item: Leftovers""], ""from"": ""item: Leftovers""}","[""p1a: Nanami"", ""375/403"", ""[from] item: Leftovers""]",|-heal|p1a: Nanami|375/403|[from] item: Leftovers
smogtours-gen5ou-59402,314,25,switch,PokemonSwitched,Switch,p2a: Stoutland,p2,p2a,Stoutland,,,,,,"Stoutland, F",312,312,,,,,,"[""p2a: Stoutland"", ""Stoutland, F"", ""312/312""]","|switch|p2a: Stoutland|Stoutland, F|312/312"
smogtours-gen5ou-59402,315,25,-damage,DamageApplied,HPChange,p2a: Stoutland,p2,p2a,Stoutland,,,,,,,273,312,,-39,,Stealth Rock,"{""tags"": [""[from] Stealth Rock""], ""from"": ""Stealth Rock""}","[""p2a: Stoutland"", ""273/312"", ""[from] Stealth Rock""]",|-damage|p2a: Stoutland|273/312|[from] Stealth Rock
smogtours-gen5ou-59402,316,26,turn,TurnStarted,TurnMarker,,,,,,,,,,,,,,,,,,"[""26""]",|turn|26
smogtours-gen5ou-59402,317,26,move,MoveUsed,Action,p2a: Stoutland,p2,p2a,Stoutland,p1a: Nanami,p1,p1a,Nanami,Superpower,,,,,,,,"{""tags"": []}","[""p2a: Stoutland"", ""Superpower"", ""p1a: Nanami""]",|move|p2a: Stoutland|Superpower|p1a: Nanami
smogtours-gen5ou-59402,318,26,-damage,DamageApplied,HPChange,p1a: Nanami,p1,p1a,Nanami,,,,,,,194,403,,-181,,,"{""tags"": []}","[""p1a: Nanami"", ""194/403""]",|-damage|p1a: Nanami|194/403
smogtours-gen5ou-59402,319,26,-unboost,StatUnboosted,Event,p2a: Stoutland,p2,p2a,Stoutland,,,,,,,,,,,atk,,"{""amount"": ""1""}","[""p2a: Stoutland"", ""atk"", ""1""]",|-unboost|p2a: Stoutland|atk|1
smogtours-gen5ou-59402,320,26,-unboost,StatUnboosted,Event,p2a: Stoutland,p2,p2a,Stoutland,,,,,,,,,,,def,,"{""amount"": ""1""}","[""p2a: Stoutland"", ""def"", ""1""]",|-unboost|p2a: Stoutland|def|1
smogtours-gen5ou-59402,321,26,-damage,DamageApplied,HPChange,p2a: Stoutland,p2,p2a,Stoutland,,,,,,,242,312,,-31,,item: Life Orb,"{""tags"": [""[from] item: Life Orb""], ""from"": ""item: Life Orb""}","[""p2a: Stoutland"", ""242/312"", ""[from] item: Life Orb""]",|-damage|p2a: Stoutland|242/312|[from] item: Life Orb
smogtours-gen5ou-59402,322,26,move,MoveUsed,Action,p1a: Nanami,p1,p1a,Nanami,p2a: Stoutland,p2,p2a,Stoutland,Body Slam,,,,,,,,"{""tags"": []}","[""p1a: Nanami"", ""Body Slam"", ""p2a: Stoutland""]",|move|p1a: Nanami|Body Slam|p2a: Stoutland
smogtours-gen5ou-59402,323,26,-damage,DamageApplied,HPChange,p2a: Stoutland,p2,p2a,Stoutland,,,,,,,126,312,,-116,,,"{""tags"": []}","[""p2a: Stoutland"", ""126/312""]",|-damage|p2a: Stoutland|126/312
smogtours-gen5ou-59402,324,26,-status,StatusApplied,Status,p2a: Stoutland,p2,p2a,Stoutland,,,,,,,,,,,par,,"{""tags"": []}","[""p2a: Stoutland"", ""par""]",|-status|p2a: Stoutland|par
smogtours-gen5ou-59402,325,26,-weather,WeatherChanged,Field,,,,,,,,,,,,,,,Sandstorm,,"{""tags"": [""[upkeep]""], ""upkeep"": """"}","[""Sandstorm"", ""[upkeep]""]",|-weather|Sandstorm|[upkeep]
smogtours-gen5ou-59402,326,26,-heal,HealApplied,HPChange,p1a: Nanami,p1,p1a,Nanami,,,,,,,219,403,,25,,item: Leftovers,"{""tags"": [""[from] item: Leftovers""], ""from"": ""item: Leftovers""}","[""p1a: Nanami"", ""219/403"", ""[from] item: Leftovers""]",|-heal|p1a: Nanami|219/403|[from] item: Leftovers
smogtours-gen5ou-59402,327,27,turn,TurnStarted,TurnMarker,,,,,,,,,,,,,,,,,,"[""27""]",|turn|27
smogtours-gen5ou-59402,328,27,move,MoveUsed,Action,p1a: Nanami,p1,p1a,Nanami,p2a: Stoutland,p2,p2a,Stoutland,Iron Head,,,,,,,,"{""tags"": []}","[""p1a: Nanami"", ""Iron Head"", ""p2a: Stoutland""]",|move|p1a: Nanami|Iron Head|p2a: Stoutland
smogtours-gen5ou-59402,329,27,-damage,DamageApplied,HPChange,p2a: Stoutland,p2,p2a,Stoutland,,,,,,,0,,fnt,-126,,,"{""tags"": []}","[""p2a: Stoutland"", ""0 fnt""]",|-damage|p2a: Stoutland|0 fnt
smogtours-gen5ou-59402,330,27,faint,PokemonFainted,KO,p2a: Stoutland,p2,p2a,Stoutland,,,,,,,,,,,,,,"[""p2a: Stoutland""]",|faint|p2a: Stoutland
smogtours-gen5ou-59402,331,27,win,BattleWon,Result,,,,Reymedy,,,,,,,,,,,,,,"[""Reymedy""]",|win|Reymedy
smogtours-gen5ou-59402,332,27,L,UserLeft,Spectator,,,,boudouche,,,,,,,,,,,,,,"[""boudouche""]",|L|boudouche
smogtours-gen5ou-59402,333,27,L,UserLeft,Spectator,,,,Leftiez~,,,,,,,,,,,,,,"[""Leftiez~""]",|L|Leftiez~
smogtours-gen5ou-59402,334,27,player,PlayerDeclared,Event,,p2,,,,,,,,,,,,,,,"{""avatar"": null}","[""p2""]",|player|p2
smogtours-gen5ou-59402,335,27,c,ChatMessage,Chat,,,,+Ybel,,,,,,,,,,,wp,,,"[""+Ybel"", ""wp""]",|c|+Ybel|wp
smogtours-gen5ou-59402,336,27,L,UserLeft,Spectator,,,,Reymedy,,,,,,,,,,,,,,"[""Reymedy""]",|L|Reymedy
smogtours-gen5ou-59402,337,27,player,PlayerDeclared,Event,,p1,,,,,,,,,,,,,,,"{""avatar"": null}","[""p1""]",|player|p1
smogtours-gen5ou-59402,338,27,L,UserLeft,Spectator,,,,Ybel,,,,,,,,,,,,,,"[""Ybel""]",|L|Ybel
smogtours-gen5ou-59402,339,27,L,UserLeft,Spectator,,,,Vinc2612,,,,,,,,,,,,,,"[""Vinc2612""]",|L|Vinc2612
smogtours-gen5ou-59402,340,27,L,UserLeft,Spectator,,,,Twin Citiez,,,,,,,,,,,,,,"[""Twin Citiez""]",|L|Twin Citiez
smogtours-gen5ou-59402,341,27,L,UserLeft,Spectator,,,,davidTheMaster,,,,,,,,,,,,,,"[""davidTheMaster""]",|L|davidTheMaster
smogtours-gen5ou-59402,342,27,L,UserLeft,Spectator,,,,Lusso.,,,,,,,,,,,,,,"[""Lusso.""]",|L|Lusso.
smogtours-gen5ou-59402,343,27,L,UserLeft,Spectator,,,,TewMew,,,,,,,,,,,,,,"[""TewMew""]",|L|TewMew
